plot_iteration,tnc_solver_iteration,tnc_stage,tnc_objective,tnc_objective_gap_pct_vs_sqp,tnc_l2_h,tnc_max_abs_h,tnc_load_supplied_pct,qhdsb_solver_iteration,qhdsb_stage,qhdsb_objective,qhdsb_objective_gap_pct_vs_sqp,qhdsb_l2_h,qhdsb_max_abs_h,qhdsb_load_supplied_pct,objective_delta_tnc_minus_qhdsb,objective_gap_delta_pct_tnc_minus_qhdsb,l2_delta_tnc_minus_qhdsb,l2_ratio_tnc_over_qhdsb,max_abs_delta_tnc_minus_qhdsb,max_abs_ratio_tnc_over_qhdsb,lower_l2_method,lower_objective_method,both_l2_le_1e_3,tnc_l2_le_1e_3,qhdsb_l2_le_1e_3,both_max_abs_le_1e_5
0,0,initial,0.5629781250000001,5.880542109934228,0.46222498069440227,0.3,100.0,0,initial,0.5629781250000001,5.880542109934228,0.46222498069440227,0.3,100.0,0.0,0.0,0.0,1.0,0.0,1.0,tie,tie,False,False,False,False
1,1,rho=1e+02,0.5322261663709653,0.0969531817063718,0.14253181586262276,0.0631477100312477,95.20227161933676,0,,0.0,-100.0,0.8431942016919624,0.32929871989395576,80.0,0.5322261663709653,100.09695318170637,-0.7006623858293396,0.1690379459163938,-0.26615100986270807,0.19176421351283474,Truncated Newton,QHD-SB coarse-only,False,False,False,False
2,2,rho=1e+02,0.49460500383345696,-6.9785421304380035,0.0512736086406911,0.023905270225651552,97.89611152488348,1,,0.0,-100.0,1.3679708137890614,0.6420207480539549,80.0,0.49460500383345696,93.021457869562,-1.3166972051483703,0.037481507736756,-0.6181154778283033,0.03723442006837226,Truncated Newton,QHD-SB coarse-only,False,False,False,False
3,3,rho=1e+02,0.49068164894569694,-7.716416168449147,0.04373037902245745,0.02244343041210104,94.19043141060594,2,,0.0,-100.0,2.0034955432623254,0.7671458234211125,0.0,0.49068164894569694,92.28358383155086,-1.959765164239868,0.021827040828476484,-0.7447023930090114,0.02925575519920556,Truncated Newton,QHD-SB coarse-only,False,False,False,False
4,4,rho=1e+02,0.22910424718441091,-56.91185711421062,0.06457355425009463,0.02298407467291022,77.7703932051236,3,,0.0,-100.0,1.7026166486885406,0.7270001596315895,80.0,0.22910424718441091,43.08814288578938,-1.6380430944384459,0.03792606767931767,-0.7040160849586793,0.03161495134273079,Truncated Newton,QHD-SB coarse-only,False,False,False,False
5,5,rho=1e+02,0.22910424718441091,-56.91185711421062,0.06457355425009463,0.02298407467291022,77.7703932051236,4,,0.0,-100.0,1.2934717799927946,0.8549966289744467,152.0,0.22910424718441091,43.08814288578938,-1.2288982257427,0.04992266182293853,-0.8320125543015365,0.026882064670218888,Truncated Newton,QHD-SB coarse-only,False,False,False,False
6,6,rho=1e+02,0.21830853400421948,-58.9422307881114,0.06383991629524421,0.022915217455175135,80.61963096917155,5,,0.0,-100.0,1.152719651430395,0.5049325637406049,-107.19999999999999,0.21830853400421948,41.0577692118886,-1.088879735135151,0.05538199701551551,-0.4820173462854298,0.045382728508172016,Truncated Newton,QHD-SB coarse-only,False,False,False,False
7,7,rho=1e+02,0.23374691621858157,-56.0387000724961,0.060120393401715495,0.021036752800521807,80.37071029397843,6,,0.0,-100.0,1.1309473819051954,0.5654936075936413,184.4,0.23374691621858157,43.9612999275039,-1.0708269885034798,0.05315931966740717,-0.5444568547931194,0.037200690720519396,Truncated Newton,QHD-SB coarse-only,False,False,False,False
8,8,rho=1e+02,0.2402116783736179,-54.822857944372494,0.058156733543347626,0.02032032486999233,81.0406047179314,7,,0.0,-100.0,0.9374833723072421,0.4669403493816688,26.935999999999996,0.2402116783736179,45.177142055627506,-0.8793266387638945,0.0620349493775212,-0.4466200245116765,0.04351803157919611,Truncated Newton,QHD-SB coarse-only,False,False,False,False
9,9,rho=1e+02,0.2402116783736179,-54.822857944372494,0.058156733543347626,0.02032032486999233,81.0406047179314,8,,0.0,-100.0,0.5248184139347776,0.22288467051608246,26.936,0.2402116783736179,45.177142055627506,-0.46666168039142997,0.11081305838208474,-0.20256434564609013,0.09116968350914961,Truncated Newton,QHD-SB coarse-only,False,False,False,False
10,10,rho=1e+02,0.2545452568744436,-52.12711010862358,0.055401360934726716,0.019813218721223352,81.66581066506407,9,,0.0,-100.0,0.5975132138794325,0.22517352,111.96656,0.2545452568744436,47.87288989137642,-0.5421118529447058,0.09271989246066402,-0.20536030127877664,0.08799089129673575,Truncated Newton,QHD-SB coarse-only,False,False,False,False
11,11,rho=1e+02,0.24722350188565956,-53.50412877592717,0.054434680129336735,0.019533708459647012,81.88950764483117,10,,0.0,-100.0,0.6341535380287128,0.34609530609166184,26.936,0.24722350188565956,46.49587122407283,-0.579718857899376,0.08583832915061665,-0.3265615976320148,0.05644025826364023,Truncated Newton,QHD-SB coarse-only,False,False,False,False
12,12,rho=1e+02,0.24799944308305413,-53.35819579740235,0.05407155681981174,0.01840127542525087,82.11964691250338,11,,0.0,-100.0,0.5684335283556723,0.23718727011546725,69.45128,0.24799944308305413,46.64180420259765,-0.5143619715358605,0.09512379921752054,-0.21878599469021637,0.0775812100552141,Truncated Newton,QHD-SB coarse-only,False,False,False,False
13,13,rho=1e+02,0.25204541270403236,-52.59726133510952,0.05322126439786734,0.01781487985411931,82.40190597743752,12,,0.0,-100.0,0.4277715647646672,0.23389777807176929,69.45128,0.25204541270403236,47.40273866489048,-0.37455030036679987,0.12441515234222336,-0.21608289821764998,0.07616523765631063,Truncated Newton,QHD-SB coarse-only,False,False,False,False
14,14,rho=1e+02,0.2531011961278814,-52.39869780963006,0.052983068902508104,0.017901057994384045,82.51549222092623,13,,0.060286163226115144,-88.66184783980896,0.6025967899609246,0.3198587351979829,115.36778240000002,0.19281503290176627,36.2631500301789,-0.5496137210584164,0.08792457873189764,-0.3019576772035989,0.05596551234814278,Truncated Newton,QHD-SB coarse-only,False,False,False,False
15,15,rho=1e+02,0.25309218057007715,-52.40039338554207,0.052948673099536187,0.01781936582259619,82.55810863719012,14,,0.0,-100.0,0.35093395643360625,0.22153470423692867,69.45128000000001,0.25309218057007715,47.59960661445793,-0.29798528333407004,0.15087930970724867,-0.20371533841433248,0.08043600159159982,Truncated Newton,QHD-SB coarse-only,False,False,False,False
16,16,rho=1e+02,0.2525023282105183,-52.511328224431075,0.05299190099606113,0.017811096302417687,82.39251747205722,15,,0.05425567905915326,-89.79601434544946,0.26480126898377415,0.10064536777489337,79.78249304,0.19824664915136506,37.28468612101839,-0.21180936798771302,0.200119513019812,-0.08283427147247568,0.17696886301071055,Truncated Newton,QHD-SB coarse-only,False,False,False,False
17,17,rho=1e+02,0.24552104535525993,-53.824313543954005,0.053963230914661174,0.018350208623522983,82.10529748653306,16,,0.04882859819931414,-90.81669745549787,0.3041587830244828,0.13594601258599998,50.85509652733334,0.19669244715594578,36.99238391154387,-0.25019555210982164,0.17741796037603652,-0.11759580396247699,0.1349815877233955,Truncated Newton,QHD-SB coarse-only,False,False,False,False
18,18,rho=1e+02,0.24473450063157154,-53.97224075113961,0.0540739090168076,0.018286659911691358,82.11401947380521,17,,0.1465674941098273,-72.43472695845313,0.2635219059555103,0.14368410867152714,97.34555521,0.09816700652174423,18.462486207313518,-0.2094479969387027,0.2051970170022099,-0.12539744875983577,0.1272698844762023,Truncated Newton,QHD-SB coarse-only,False,False,False,False
19,19,rho=1e+02,0.24668423354095964,-53.60555016717493,0.05369037277339032,0.018132461378309386,82.18555546460341,18,,0.35217375140770213,-33.76590304297045,0.26129472945700793,0.09662455199505907,61.08299744233333,-0.10548951786674249,-19.839647124204483,-0.20760435668361762,0.20547820801806202,-0.07849209061674968,0.1876589438596993,Truncated Newton,Truncated Newton,False,False,False,False
20,20,rho=1e+02,0.24715105750170563,-53.51775355157162,0.053594001528985434,0.018108945716749425,82.214566774033,19,,0.31689284672648865,-40.401260879965974,0.19920727765638468,0.09534956891246749,99.57709722633332,-0.06974178922478302,-13.116492671605648,-0.14561327612739924,0.26903636332719955,-0.07724062319571806,0.1899216317734351,Truncated Newton,Truncated Newton,False,False,False,False
21,21,rho=1e+02,0.24776983066330763,-53.40137951342672,0.053476407056731144,0.018038028700149852,82.21249220002704,20,,0.3565848571441196,-32.93629662322524,0.34592867523728027,0.24973916848388655,86.77362490633334,-0.10881502648081195,-20.46508289020148,-0.29245226818054915,0.15458795666491212,-0.2317011397837367,0.07222747160429377,Truncated Newton,Truncated Newton,False,False,False,False
22,22,rho=1e+02,0.24799591711725488,-53.35885893359487,0.053433992668317505,0.018019768981443196,82.21674446923777,21,,0.6787486549720061,27.653761937596943,0.22605718793873064,0.1240775519002104,86.77362490666668,-0.4307527378547512,-81.01262087119181,-0.17262319527041314,0.23637378291549824,-0.1060577829187672,0.1452298881262231,Truncated Newton,Truncated Newton,False,False,False,False
23,23,rho=1e+02,0.24919905032998707,-53.13258300716425,0.053206817469766854,0.017951676158762975,82.24954852180488,22,,0.6948876177006948,30.689052381263092,0.2045566798857759,0.1134353500155566,108.12529785666665,-0.4456885673707078,-83.82163538842734,-0.15134986241600903,0.2601079441623586,-0.09548367385679363,0.15825469006179352,Truncated Newton,Truncated Newton,False,False,False,False
24,24,rho=1e+02,0.2503233466384102,-52.921134111830995,0.052992871567820315,0.017844805087405213,82.32722530558138,23,,0.65131914438996,22.495033167740708,0.2167374872774218,0.12166449932906742,99.88965257333332,-0.40099579775154975,-75.41616727957171,-0.16374461570960147,0.24450256498540088,-0.10381969424166221,0.14667224363567352,Truncated Newton,Truncated Newton,False,False,False,False
25,25,rho=1e+02,0.25053743788948685,-52.880869496354165,0.052952271131706426,0.017815837966077316,82.36032252036536,24,,0.6222853650345779,17.034586018665298,0.14891481245944843,0.07223355577010737,110.87051295333332,-0.37174792714509103,-69.91545551501946,-0.09596254132774201,0.35558766960221677,-0.054417717804030055,0.2466421288020006,Truncated Newton,Truncated Newton,False,False,False,False
26,26,rho=1e+02,0.2505223239341727,-52.88371201138455,0.052955057779872756,0.01781063770125091,82.34956566992861,25,,0.5308910258174797,-0.1541496574954393,0.13615262387665655,0.05962947040105537,93.57565786166666,-0.28036870188330704,-52.729562353889115,-0.0831975660967838,0.388938944194317,-0.041818832699804465,0.29868851058814166,Truncated Newton,Truncated Newton,False,False,False,False
27,27,rho=1e+02,0.25050121522704505,-52.88768197265776,0.05295902038480313,0.017807625249376957,82.34614774985437,26,,0.5191471608389971,-2.3628443388164944,0.15108857357650868,0.08734186456516546,104.69377899366667,-0.2686459456119521,-50.524837633841265,-0.09812955319170555,0.350516383411255,-0.0695342393157885,0.2038841893063864,Truncated Newton,Truncated Newton,False,False,False,False
28,28,rho=1e+02,0.25050167306892085,-52.887595865322744,0.052958826472260856,0.017801481991682744,82.35057316126137,27,,0.5896337134946068,10.89371763974416,0.12400466724761956,0.05720956769773605,104.69377899333332,-0.33913204042568595,-63.781313505066905,-0.0710458407753587,0.427071235685909,-0.03940808570605331,0.3111626727497051,Truncated Newton,Truncated Newton,False,False,False,False
29,29,rho=1e+02,0.25051016849781066,-52.88599811120698,0.052957199120891044,0.017806121937760377,82.34893402789571,28,,0.5156243050686948,-3.025395621310323,0.1320673995961972,0.07056741673011269,102.69251719133332,-0.2651141365708842,-49.86060248989666,-0.07911020047530616,0.400986157695316,-0.05276129479235231,0.252327813073567,Truncated Newton,Truncated Newton,False,False,False,False
30,30,rho=1e+02,0.2505191975092663,-52.88430000503696,0.05295544736156624,0.017803439310262736,82.34875565429844,29,,0.494490114104947,-7.000149695985058,0.14372413747723092,0.0901713522304326,98.68999357999999,-0.24397091659568065,-45.884150309051904,-0.09076869011566469,0.3684520101569964,-0.07236791292016986,0.19744008346205238,Truncated Newton,Truncated Newton,False,False,False,False
31,31,rho=1e+02,0.2505303238202592,-52.88220745510066,0.052953308293767994,0.017800000968315632,82.34987731042192,30,,0.45223687129714174,-14.946810597584214,0.11669394050715147,0.054144922503158055,90.68494636666665,-0.20170654747688255,-37.93539685751645,-0.06374063221338347,0.4537794170257093,-0.03634492153484242,0.3287473717831516,Truncated Newton,Truncated Newton,False,False,False,False
32,32,rho=1e+02,0.25053397021547164,-52.881521669481835,0.05295261135190815,0.017802992708120663,82.34972653605294,31,,0.4617420910120858,-13.159142886174802,0.0904671978936428,0.032130184317157785,114.09970947066667,-0.21120812079661416,-39.722378783307036,-0.037514586541734646,0.5853238807524641,-0.014327191609037122,0.5540893426687789,Truncated Newton,Truncated Newton,False,False,False,False
33,33,rho=1e+02,0.250535484771353,-52.88123682360478,0.052952322176615295,0.017803958994660127,82.34978029593711,32,,0.45318734727135374,-14.76805247725399,0.11766844534881311,0.05723308079597034,83.300290307,-0.20265186250000072,-38.11318434635079,-0.06471612317219783,0.4500129326910446,-0.03942912180131021,0.3110781168347252,Truncated Newton,Truncated Newton,False,False,False,False
34,34,rho=1e+02,0.25053238652466964,-52.881819517716444,0.052952769165183114,0.01780804448509371,82.34901254720329,33,,0.4360803430134043,-17.98540463406938,0.10710880327943774,0.04556313816353885,80.05824618700002,-0.18554795648873468,-34.89641488364707,-0.054156034114254625,0.49438297827895483,-0.027755093678445142,0.3908432386982577,Truncated Newton,Truncated Newton,False,False,False,False
35,35,rho=1e+02,0.25053206887870294,-52.8818792580965,0.052952828051691124,0.01780767957366508,82.34901216227874,34,,0.48997861804941345,-7.848636745258464,0.06850226088062464,0.031691252075736864,99.02420430200002,-0.2394465491707105,-45.03324251283803,-0.015549432828933514,0.7730084725812085,-0.013883572502071784,0.5619115183933934,Truncated Newton,Truncated Newton,False,False,False,False
36,36,rho=1e+02,0.25053275221203175,-52.88175074208481,0.05295269551118256,0.017806415811506104,82.34900462714579,35,,0.42761360096593154,-19.577763551907246,0.09486371519888155,0.035269034397599375,87.20695347466668,-0.1770808487538998,-33.303987190177565,-0.04191101968769899,0.5581975721714816,-0.01746261858609327,0.5048739245528683,Truncated Newton,Truncated Newton,False,False,False,False
37,37,rho=1e+02,0.25053411569480283,-52.881494308861996,0.05295243689512664,0.017805755080251118,82.35016586147586,36,,0.3999099355107685,-24.788053235587093,0.08672789796899619,0.040803746681095696,97.711176432,-0.14937581981596565,-28.093441073274903,-0.03377546107386955,0.6105582878770597,-0.022997991600844578,0.43637549314804697,Truncated Newton,Truncated Newton,False,False,False,False
38,38,rho=1e+02,0.25053058554348506,-52.882158232234254,0.0529531022322663,0.017805348615858863,82.34887311344647,37,,0.4310771701162675,-18.92636243526028,0.05966599148621736,0.029407873730824,89.43910085499999,-0.18054658457278244,-33.95579579697397,-0.006712889253951061,0.8874922030667719,-0.011602525114965137,0.6054619514091596,Truncated Newton,Truncated Newton,False,False,False,False
39,39,rho=1e+02,0.2505315439554406,-52.881977981576355,0.052952912905130683,0.017810574445281002,82.34779339663496,38,,0.3918082558645025,-26.311754059571435,0.08434375279188187,0.04334491751178003,88.37554828,-0.14127671190906194,-26.57022392200492,-0.03139083988675119,0.6278225849849478,-0.02553434306649903,0.41090341077337494,Truncated Newton,Truncated Newton,False,False,False,False
40,40,rho=1e+02,0.2505300402922851,-52.882260778834336,0.05295319627026812,0.01780655618367258,82.34909065323632,39,,0.38059177286421325,-28.421262844903882,0.08464885133132243,0.04334491751178003,86.24844313000001,-0.13006173257192816,-24.460997933930454,-0.031695655061054304,0.6255630813347371,-0.025538361328107453,0.4108107064417233,Truncated Newton,Truncated Newton,False,False,False,False
41,41,rho=1e+02,0.25053114966099044,-52.882052137406355,0.052952986581005224,0.01780662732077587,82.35014557668377,40,,0.38059177286421325,-28.421262844903882,0.08018285865378723,0.04334491751178003,86.24844313000001,-0.1300606232032228,-24.460789292502472,-0.027229872072782005,0.6604028276123843,-0.025538290191004162,0.41081234762845004,Truncated Newton,Truncated Newton,False,False,False,False
42,42,rho=1e+02,0.25053054528296165,-52.88216580412002,0.05295310046879408,0.017806212626404527,82.34972295734444,41,,0.40583086383880423,-23.67449113907314,0.05399386012321574,0.029801202823076897,91.034429714,-0.1553003185558426,-29.20767466504688,-0.001040759654421658,0.9807244814123938,-0.01199499019667237,0.5974997966396204,Truncated Newton,Truncated Newton,False,False,False,False
43,43,rho=1e+02,0.25052949962588095,-52.88236246316171,0.052953297829812,0.01780632059031001,82.34926415526762,42,,0.4376423915987732,-17.69162669905474,0.06079079725994746,0.02503827307436743,91.8959073,-0.18711289197289227,-35.190735764106975,-0.00783749943013546,0.8710742450601275,-0.007231952484057419,0.711164086174097,Truncated Newton,Truncated Newton,False,False,False,False
44,44,rho=1e+02,0.2505272193965618,-52.882791310937016,0.05295372820137048,0.017806037694295396,82.3481568589305,43,,0.48310730215658904,-9.140940334746695,0.05253963499834949,0.02199056815310546,95.34181764333334,-0.23258008276002723,-43.74185097619032,0.00041409320302099317,1.0078815393946685,-0.004184530458810065,0.8097124899331383,QHD-SB coarse-only,Truncated Newton,False,False,False,False
45,45,rho=1e+02,0.25053099239243765,-52.882081715251196,0.05295301540593621,0.01780571144072006,82.34935738883172,44,,0.47901450289746744,-9.910682150741646,0.050187616518009785,0.0249445154384218,94.56648781666668,-0.2284835105050298,-42.971399564509554,0.002765398887926422,1.055101219778669,-0.00713880399770174,0.7138126809749165,QHD-SB coarse-only,Truncated Newton,False,False,False,False
46,46,rho=1e+02,0.2505313372591516,-52.88201685540494,0.052952950174454026,0.017805639400180387,82.34953384520924,45,,0.5121716218876425,-3.674749389618226,0.03077437792040652,0.012315398209999995,96.65987834333335,-0.2616402846284909,-49.207267465786714,0.022178572254047506,1.7206830406583418,0.005490241190180392,1.4458029774240158,QHD-SB coarse-only,Truncated Newton,False,False,False,False
47,47,rho=1e+02,0.25052948052806784,-52.882366054929705,0.05295330067949478,0.0178054499535341,82.34921145963925,46,,0.5154880170960405,-3.051027601998202,0.047561796100076464,0.02201264150005655,97.28789550666667,-0.2649585365679727,-49.831338452931504,0.005391504579418317,1.113357884300119,-0.004207191546522451,0.8088738443084332,QHD-SB coarse-only,Truncated Newton,False,False,False,False
48,48,rho=1e+02,0.25052906015987425,-52.882445114506346,0.05295337995738691,0.017805126147589848,82.34920091870957,47,,0.5154880170960405,-3.051027601998202,0.04078177190862858,0.02200527700321464,93.51979254999999,-0.2649589569361663,-49.831417512508146,0.012171608048758331,1.2984570674375988,-0.004200150855624793,0.8091298348568294,QHD-SB coarse-only,Truncated Newton,False,False,False,False
49,49,rho=1e+02,0.2505289014192564,-52.88247496920573,0.05295340987132457,0.01780505377251286,82.34927068098257,48,,0.5184728790033538,-2.489658016155738,0.03255600110919761,0.012315398209999995,97.47630065333333,-0.26794397758409744,-50.392816953049994,0.020397408762126958,1.626532991374188,0.005489655562512866,1.445755424948851,QHD-SB coarse-only,Truncated Newton,False,False,False,False
50,50,rho=1e+02,0.2505289432649135,-52.88246709920037,0.05295340190525478,0.01780522122751281,82.3493867918828,49,,0.5157864987530251,-2.99489149608575,0.041710853177813784,0.019644999473983904,96.96760675666668,-0.2652575554881116,-49.88757560311462,0.011242548727440994,1.269535333634004,-0.0018397782464710938,0.906348775987114,QHD-SB coarse-only,Truncated Newton,False,False,False,False
51,51,rho=1e+02,0.25052897080697195,-52.88246191930446,0.05295339667893122,0.017805195039703514,82.34939787751395,50,,0.5856588766994015,10.146161285445586,0.03586860855122068,0.020429784240999282,101.03715795000002,-0.3351299058924296,-63.02862320475005,0.017084788127710533,1.4763158878414062,-0.0026245892012957683,0.8715312325213577,QHD-SB coarse-only,Truncated Newton,False,False,False,False
52,52,rho=1e+02,0.25052896869779273,-52.88246231598247,0.05295339707309794,0.017805197046604826,82.34939702815943,51,,0.5687232037882494,6.9610317942609745,0.026554186944530007,0.00882807975727228,100.57933344000001,-0.31819423509045663,-59.84349411024345,0.02639921012856793,1.9941637521688835,0.008977117289332546,2.0168822140440557,QHD-SB coarse-only,Truncated Newton,False,False,False,False
53,53,rho=1e+02,0.250529300186098,-52.88239997224316,0.05295333440107824,0.017805489907196437,82.34937013974584,52,,0.5796100506999778,9.008545190774697,0.02357931064492029,0.010087190858999978,100.16729138666668,-0.32908075051387986,-61.890945163017854,0.029374023756157948,2.2457541358396758,0.007718299048196459,1.76515842280411,QHD-SB coarse-only,Truncated Newton,False,False,False,False
54,54,rho=1e+02,0.2505299553616175,-52.88227675193299,0.05295321028501515,0.017806321060348296,82.34918110149486,53,,0.5698118283176328,7.165771819151434,0.02933080959805319,0.014486027883098829,100.53812924,-0.3192818729560153,-60.04804857108442,0.02362240068696196,1.8053784062111222,0.003320293177249467,1.2292065985268001,QHD-SB coarse-only,Truncated Newton,False,False,False,False
55,55,rho=1e+02,0.25052894753468374,-52.882466296175224,0.052953400188045674,0.017808397985148716,82.34875208045565,54,,0.5698118283176328,7.165771819151434,0.02963917936257812,0.014486027883098829,100.53812924,-0.31928288078294903,-60.048238115326654,0.023314220825467556,1.786601428476244,0.0033223701020498875,1.2293499728746327,QHD-SB coarse-only,Truncated Newton,False,False,False,False
56,56,rho=1e+02,0.2505251627575899,-52.88317810758079,0.052954113619171427,0.017811371075749205,82.34809087499136,55,,0.5698118283176328,7.165771819151434,0.029615198119184363,0.014486027883098829,100.53812924,-0.31928666556004287,-60.04894992673222,0.023338915499987064,1.7880722393299946,0.0033253431926503763,1.229555211372341,QHD-SB coarse-only,Truncated Newton,False,False,False,False
57,57,rho=1e+02,0.2505185397347645,-52.8844237141435,0.05295536232537881,0.01781504372249121,82.34714923193673,56,,0.5658928425908218,6.42871949891104,0.029413585685080946,0.014486027883098829,99.79645353333333,-0.31537430285605733,-59.313143213054545,0.023541776640297867,1.8003708521752464,0.0033290158393923797,1.2298087416548753,QHD-SB coarse-only,Truncated Newton,False,False,False,False
58,58,rho=1e+02,0.2505146632752371,-52.88515276846728,0.05295609278461714,0.017816459808561114,82.34662645402578,57,,0.5747108041280462,8.087133043604045,0.01622753711563451,0.008638268393375476,101.46522386666668,-0.3241961408528091,-60.97228581207132,0.03672855566898263,3.2633475066032234,0.009178191415185638,2.0625036173018447,QHD-SB coarse-only,Truncated Newton,False,False,False,False
59,59,rho=1e+02,0.25052048424814793,-52.88405800520732,0.05295499030274764,0.017817521202551923,82.34612915664356,58,,0.5858226846499358,10.176969009288307,0.0218373325159662,0.01137400961438384,103.56787449333335,-0.3353022004017879,-63.06102701449563,0.03111765778678144,2.424975223692271,0.006443511588168083,1.5665118816164412,QHD-SB coarse-only,Truncated Newton,False,False,False,False
60,60,rho=1e+02,0.2505212595726862,-52.88391218820525,0.052954843792395206,0.017816566326520455,82.34644303113461,59,,0.5921729559177751,11.371278582833376,0.021159197258402956,0.01137400961438384,101.16484520666666,-0.3416516963450889,-64.25519077103863,0.03179564653399225,2.5026868054441547,0.006442556712136616,1.5664279291613405,QHD-SB coarse-only,Truncated Newton,False,False,False,False
61,61,rho=1e+02,0.25052020078193804,-52.884111317324866,0.05295504297039204,0.017818083933176576,82.3469660461326,60,,0.5793141285201276,8.952890451392248,0.01970801014410064,0.009621690560105867,101.97586759333332,-0.3287939277381896,-61.837001768717116,0.0332470328262914,2.686980703947096,0.00819639337307071,1.8518662413708433,QHD-SB coarse-only,Truncated Newton,False,False,False,False
62,62,rho=1e+02,0.2505135214727684,-52.88536750978493,0.05295629962521477,0.017823041198282652,82.34525668211737,61,,0.572885414090733,7.743827898821021,0.016044408403927676,0.006205287296155604,100.75933401,-0.3223718926179646,-60.62919540860595,0.03691189122128709,3.300607806284154,0.011617753902127048,2.872234652104611,QHD-SB coarse-only,Truncated Newton,False,False,False,False
63,63,rho=1e+02,0.25051878581894405,-52.88437743254715,0.05295530356611377,0.01782076027274143,82.34712298661114,62,,0.5670999697052027,6.655746567265153,0.021360100189652828,0.009882211688489906,102.29216632000002,-0.31658118388625867,-59.5401239998123,0.03159520337646094,2.479169249953526,0.007938548584251526,1.803316993654141,QHD-SB coarse-only,Truncated Newton,False,False,False,False
64,64,rho=1e+02,0.25050939465655025,-52.88614364924571,0.05295707224163412,0.017836168101203587,82.34502410451624,63,,0.5670999697052027,6.655746567265153,0.02140136550126007,0.009904825361868763,102.29216632000002,-0.31659057504865246,-59.541890216510865,0.03155570674037406,2.4744716517511987,0.007931342739334823,1.8007554348074242,QHD-SB coarse-only,Truncated Newton,False,False,False,False
65,65,rho=1e+02,0.25050112298568183,-52.887699320695106,0.052958628937483224,0.01783834655489508,82.34226026927058,64,,0.5670999697052027,6.655746567265153,0.02137233099402409,0.009904825361868763,102.29216632000002,-0.3165988467195209,-59.54344588796026,0.03158629794345913,2.4779060811050964,0.007933521193026316,1.8009753734344978,QHD-SB coarse-only,Truncated Newton,False,False,False,False
66,66,rho=1e+02,0.25047944361699004,-52.89177660755185,0.05296270360924451,0.017844168236470337,82.34029774855365,65,,0.5670999697052027,6.655746567265153,0.021409966621195903,0.009887805244548131,102.29216632000002,-0.3166205260882127,-59.547523174817,0.031552736988048606,2.4737405969055244,0.007956362991922206,1.8046642096140728,QHD-SB coarse-only,Truncated Newton,False,False,False,False
67,67,rho=1e+02,0.250499314683208,-52.888039412144,0.05295892621503322,0.017816581293976064,82.34730278642336,66,,0.5670999697052027,6.655746567265153,0.021128015331194613,0.009900733431923103,102.29216632000002,-0.3166006550219947,-59.54378597940916,0.0318309108838386,2.506573636229884,0.00791584786205296,1.799521360360007,QHD-SB coarse-only,Truncated Newton,False,False,False,False
68,68,rho=1e+02,0.25044137294190805,-52.898936643683214,0.05296980755179489,0.017842549981795963,82.3423984172509,67,,0.570224062772435,7.243301665539081,0.01576357038525477,0.005650800408108447,100.51846036333332,-0.31978268983052693,-60.14223830922229,0.03720623716654012,3.3602671385502108,0.012191749573687516,3.1575261366855796,QHD-SB coarse-only,Truncated Newton,False,False,False,False
69,69,rho=1e+02,0.25042435426752185,-52.902137383445535,0.052972998258884275,0.017846349945407902,82.34091273108851,68,,0.5805343511593196,9.182380424084279,0.014412305869074068,0.0069728381466902245,102.46953691666668,-0.33010999689179776,-62.084517807529814,0.038560692389810206,3.675539413339385,0.010873511798717678,2.559409751089515,QHD-SB coarse-only,Truncated Newton,False,False,False,False
70,70,rho=1e+02,0.25040070433350586,-52.90658527888459,0.052977442697689926,0.017845581522723752,82.33927902109502,69,,0.5746292211000738,8.071789542950803,0.01518968574691161,0.008149183331050386,101.35210216333333,-0.3242285167665679,-60.978374821835395,0.037787756950778316,3.4877247350862,0.009696398191673367,2.189861339200422,QHD-SB coarse-only,Truncated Newton,False,False,False,False
71,71,rho=1e+02,0.2504248996365848,-52.9020348146787,0.05297286264812042,0.01783072906889327,82.34170378392457,70,,0.569567994093716,7.11991337693707,0.016416935837224506,0.006439205715696783,100.39430095,-0.3191430944571311,-60.02194819161577,0.036555926810895915,3.226720453399553,0.011391523353196487,2.7690882782992152,QHD-SB coarse-only,Truncated Newton,False,False,False,False
72,72,rho=1e+02,0.250396844243798,-52.907311254500186,0.05297814588555734,0.017838652680271766,82.34026355703803,71,,0.5628201409480672,5.8508296995925635,0.01448373202933997,0.005842535382616587,100.07503387666668,-0.3124232967042692,-58.75814095409275,0.038494413856217366,3.657768990632974,0.011996117297655179,3.0532382796255657,QHD-SB coarse-only,Truncated Newton,False,False,False,False
73,73,rho=1e+02,0.25039824149746726,-52.90704846990981,0.05297787602760002,0.01783565735749723,82.34056811553661,72,,0.5666157451400688,6.564677381478745,0.010401217553690462,0.004228943855218492,101.65540588333333,-0.3162175036426016,-59.471725851388555,0.042576658473909554,5.093430240655135,0.013606713502278739,4.217520489303289,QHD-SB coarse-only,Truncated Newton,False,False,False,False
74,74,rho=1e+02,0.25038751774789414,-52.90906530922883,0.05297989210850237,0.01783133382284957,82.33999549324828,73,,0.5741315209650191,7.978185976901453,0.009660535674015942,0.005184514255452771,102.30192170333333,-0.32374400321712493,-60.88725128613028,0.04331935643448642,5.484156768967068,0.0126468195673968,3.4393451236238013,QHD-SB coarse-only,Truncated Newton,False,False,False,False
75,75,rho=1e+02,0.25038628096189064,-52.909297914310116,0.05298012058945902,0.01782282685712755,82.3391986084431,74,,0.5685971150814098,6.937318012070737,0.009760311911245522,0.004499680132531131,101.95280316,-0.3182108341195191,-59.84661592638085,0.0432198086782135,5.42811757157238,0.013323146724596419,3.9609097385111167,QHD-SB coarse-only,Truncated Newton,False,False,False,False
76,76,rho=1e+02,0.25038612680191497,-52.90932690751797,0.052980147424221954,0.017819415498911334,82.33955430169529,75,,0.567367294044263,6.706022847429494,0.011416242307118022,0.004969468168294244,101.02182038000001,-0.31698116724234804,-59.61534975494747,0.041563905117103936,4.640769352905978,0.01284994733061709,3.585779181080417,QHD-SB coarse-only,Truncated Newton,False,False,False,False
77,77,rho=1e+02,0.25039332588984925,-52.907972959115135,0.052978787081072024,0.017815182004252028,82.34075828016957,76,,0.5685971150814098,6.937318012070737,0.01376334062311335,0.007080196970686181,101.25456607333332,-0.3182037891915605,-59.845290971185875,0.03921544645795867,3.849268032508223,0.010734985033565847,2.516198642214534,QHD-SB coarse-only,Truncated Newton,False,False,False,False
78,78,rho=1e+02,0.25041468653519017,-52.903955615264486,0.05297475141888189,0.017812294500721554,82.34274133005619,77,,0.5612184447615791,5.549595152476239,0.010889534018842571,0.004820422628560472,99.85809190333333,-0.31080375822638895,-58.45355076774072,0.042085217400039315,4.864739972088583,0.012991871872161082,3.6951727832297676,QHD-SB coarse-only,Truncated Newton,False,False,False,False
79,79,rho=1e+02,0.25042633888055726,-52.90176413287906,0.05297255112999349,0.017812108266978238,82.34322118982492,78,,0.5584516017665504,5.029228866047775,0.008179618933914275,0.0039735201650181184,101.21965422000001,-0.30802526288599313,-57.93099299892683,0.044792932196079216,6.47616368903924,0.01383858810196012,4.482702371512192,QHD-SB coarse-only,Truncated Newton,False,False,False,False
80,80,rho=1e+02,0.25044073280320045,-52.899057035986885,0.05296983348980264,0.017811729824146305,82.34412693391643,79,,0.5609417565817908,5.4975577940595155,0.009112650486518416,0.0039527471156611815,100.55982017666668,-0.31050102377859035,-58.3966148300464,0.04385718300328422,5.81278010916452,0.013858982708485124,4.506164776788892,QHD-SB coarse-only,Truncated Newton,False,False,False,False
81,81,rho=1e+02,0.2504417408888376,-52.898867443089735,0.05296964293748807,0.01781153931193502,82.34412434689054,80,,0.5649261498102013,6.246911447903969,0.011100212775574662,0.005646259655501029,100.74834418666667,-0.3144844089213637,-59.145778890993704,0.04186943016191341,4.771948430938597,0.012165279656433992,3.1545731862652864,QHD-SB coarse-only,Truncated Newton,False,False,False,False
82,82,rho=1e+02,0.2504401938920032,-52.899158390208626,0.05296993489259889,0.017811861611663843,82.34359758886866,81,,0.5559615169232512,4.560913097813879,0.007386444952365456,0.0031659135888330303,100.74834418666667,-0.305521323031248,-57.46007148802251,0.04558348994023343,7.171235314714644,0.014645948022830813,5.626136377976562,QHD-SB coarse-only,Truncated Newton,False,False,False,False
83,83,rho=1e+02,0.2504480944571119,-52.89767251344089,0.052968443090146984,0.017812120847000942,82.34410013577639,82,,0.5564097270346381,4.645208965566816,0.007606726802896799,0.004258844916181531,100.32416515999998,-0.3059616325775262,-57.542881479007704,0.045361716287250185,6.963368668633597,0.013553275930819411,4.182383063380303,QHD-SB coarse-only,Truncated Newton,False,False,False,False
84,84,rho=1e+02,0.25045583921813036,-52.89621593909326,0.0529669806338695,0.01781163918484613,82.3448567099736,83,,0.5582025901334831,4.9823966970343525,0.009149508327278368,0.004266976163181058,100.66350838333331,-0.3077467509153527,-57.87861263612761,0.04381747230659114,5.789052125998247,0.013544663021665071,4.174300137539892,QHD-SB coarse-only,Truncated Newton,False,False,False,False
85,85,rho=1e+02,0.25047325329140674,-52.89294083578646,0.052963692571312476,0.01781107150277239,82.34531757358923,84,,0.5582025901334831,4.9823966970343525,0.009149508327278368,0.004266976163181058,100.66350838333331,-0.3077293368420763,-57.875337532820815,0.043814184244034104,5.788692755588449,0.013544095339591333,4.174167096704409,QHD-SB coarse-only,Truncated Newton,False,False,False,False
86,86,rho=1e+02,0.25047696241523726,-52.89224325265758,0.052962991709001636,0.017811216160304177,82.34570478036646,85,,0.551927727975083,3.8022694816181257,0.009028053762242378,0.004385379865589192,100.49383677,-0.3014507655598458,-56.694512734275705,0.04393493794675926,5.866490508785666,0.013425836294714985,4.061499050530067,QHD-SB coarse-only,Truncated Newton,False,False,False,False
87,87,rho=1e+02,0.2504782225057747,-52.89200626464101,0.05296275356892636,0.01781136663240082,82.34592720965487,86,,0.5507176270958113,3.5746831307186033,0.008264559058105553,0.004946389955406361,99.34855339,-0.3002394045900366,-56.466689395359616,0.044698194510820806,6.408418549200467,0.01286497667699446,3.6008820155663535,QHD-SB coarse-only,Truncated Newton,False,False,False,False
88,88,rho=1e+02,0.25050390111132537,-52.88717683245601,0.052957904662946996,0.017810844746774024,82.34782182634125,87,,0.5518067171487198,3.7795107076488588,0.009454587662301539,0.003957840617831332,99.55470439666668,-0.3013028160373944,-56.66668754010487,0.043503317000645456,5.60129183360445,0.013853004128942692,4.500141988166602,QHD-SB coarse-only,Truncated Newton,False,False,False,False
89,89,rho=1e+02,0.2505080410120859,-52.886398232156374,0.05295712288208335,0.017810593778738074,82.34802882496686,88,,0.5525327846211837,3.9160638243314505,0.011054784641722187,0.005197674091850679,99.69213840333333,-0.3020247436090978,-56.802462056487826,0.041902338240361166,4.79042555765549,0.012612919686887394,3.4266468932061205,QHD-SB coarse-only,Truncated Newton,False,False,False,False
90,90,rho=1e+02,0.2504978703694269,-52.88831104743379,0.05295904331052793,0.017810544544790877,82.3473133372131,89,,0.5518067171487198,3.7795107076488588,0.008072417286095876,0.0043281911367740455,99.96700641333334,-0.30130884677929287,-56.66782175508265,0.04488662602443205,6.560493769536151,0.013482353408016831,4.115008783569043,QHD-SB coarse-only,Truncated Newton,False,False,False,False
91,91,rho=1e+02,0.2505009696176508,-52.887728164960194,0.052958458041758964,0.017809945601685667,82.34740063288054,90,,0.5514799887254569,3.7180621698787775,0.008567454336567153,0.0035440368315153847,99.90516111666666,-0.3009790191078061,-56.60579033483897,0.04439100370519181,6.181352822124127,0.014265908770170282,5.025327458030498,QHD-SB coarse-only,Truncated Newton,False,False,False,False
92,92,rho=1e+02,0.25050044919961223,-52.887826041132634,0.05295855625091575,0.01780969436733705,82.34746050203198,91,,0.5514799887254569,3.7180621698787775,0.00897235828664945,0.003558312773480621,99.5340893,-0.30097953952584466,-56.60588821101141,0.043986197964266296,5.902412114963822,0.01425138159385643,5.005095251903955,QHD-SB coarse-only,Truncated Newton,False,False,False,False
93,93,rho=1e+02,0.2505059074023363,-52.88679950486469,0.05295752553860894,0.01780916397984085,82.34774615649036,92,,0.5508265355110165,3.595165777432907,0.00976137827743136,0.005992959986588747,99.41039869666668,-0.30032062810868015,-56.481965282297594,0.043196147261177584,5.425209845729322,0.011816203993252103,2.971680775392262,QHD-SB coarse-only,Truncated Newton,False,False,False,False
94,94,rho=1e+02,0.2505066101346451,-52.88666734044389,0.052957392818664364,0.01780895655255739,82.34767921492177,93,,0.5508265355110165,3.595165777432907,0.01006471844894212,0.005992959986588747,99.41039869666668,-0.30031992537637137,-56.4818331178768,0.042892674369722245,5.261686463194666,0.011815996565968642,2.9716461635670663,QHD-SB coarse-only,Truncated Newton,False,False,False,False
95,95,rho=1e+02,0.2505070929337627,-52.88657653934518,0.052957301618924084,0.0178087694799417,82.34777217224865,94,,0.5495196435224263,3.3493757083586484,0.007721911203403881,0.0037412134784967632,100.64730474333331,-0.2990125505886636,-56.23595224770383,0.0452353904155202,6.858056279587892,0.014067556001444936,4.760158590869117,QHD-SB coarse-only,Truncated Newton,False,False,False,False
96,96,rho=1e+02,0.2505080604773422,-52.886394571282544,0.05295711889286976,0.01780855624153023,82.34806848306788,95,,0.5486375023282108,3.183469461360078,0.0072391739057110945,0.0031943460476036023,99.47842852333335,-0.29812944185086865,-56.06986403264262,0.04571794498715867,7.3153538763713195,0.014614210193926627,5.575024113273577,QHD-SB coarse-only,Truncated Newton,False,False,False,False
97,97,rho=1e+02,0.250506509728465,-52.88668622405643,0.05295741171354131,0.01780850669080923,82.34797329692991,96,,0.5489021437554374,3.2332411603572586,0.006865703484094255,0.002790436155219095,99.52852322333332,-0.29839563402697244,-56.11992738441369,0.046091708229447054,7.713326367243723,0.015018070535590136,6.381979626196096,QHD-SB coarse-only,Truncated Newton,False,False,False,False
98,98,rho=1e+02,0.2505059710251606,-52.8867875391793,0.05295751342626338,0.017808406994238732,82.3479206775716,97,,0.5481876136914373,3.098857909622277,0.006069764934769592,0.0031354841678490064,99.66377890000001,-0.2976816426662767,-55.98564544880158,0.04688774849149379,8.724804666306843,0.014672922826389725,5.679635437756202,QHD-SB coarse-only,Truncated Newton,False,False,False,False
99,99,rho=1e+02,0.25050561861627463,-52.88685381749853,0.052957579970020395,0.01780839367186103,82.34788773807898,98,,0.5492594109572327,3.300433193802932,0.006080142144984437,0.003492894600727242,99.6232021966667,-0.2987537923409581,-56.187287011301464,0.04687743782503596,8.709924654262494,0.014315499071133789,5.098462939062981,QHD-SB coarse-only,Truncated Newton,False,False,False,False
100,100,rho=1e+02,0.25050590963513375,-52.88679908493753,0.05295752501316199,0.017808402937640605,82.34787926144959,99,,0.5496881334764051,3.3810639869526815,0.00600696236155805,0.002769970278342193,100.19127603666666,-0.29918222384127136,-56.26786307189021,0.04695056265160394,8.81602411096616,0.015038432659298412,6.429095314444602,QHD-SB coarse-only,Truncated Newton,False,False,False,False
101,101,rho=1e+02,0.25050572825829204,-52.88683319688163,0.0529575592608051,0.01780838707375286,82.34781389486315,100,,0.5483376645333816,3.127078303601394,0.005996432232027193,0.003170115565209075,99.71652861000001,-0.2978319362750896,-56.013911500483026,0.04696112702877791,8.831511340686314,0.014638271508543785,5.617582926374598,QHD-SB coarse-only,Truncated Newton,False,False,False,False
102,102,rho=1e+02,0.25050569384929844,-52.886839668257224,0.05295756574676842,0.017808365350355987,82.34780868180444,101,,0.5479518200347526,3.05451167468489,0.0064511717493877865,0.003170115565209075,99.64349054333334,-0.2974461261854542,-55.94135134294211,0.046506393997380636,8.208984011593564,0.014638249785146912,5.61757607381783,QHD-SB coarse-only,Truncated Newton,False,False,False,False
103,103,rho=1e+02,0.25050553777398965,-52.88686902168601,0.052957595207438056,0.017808273099371774,82.34763038289906,102,,0.5479518200347526,3.05451167468489,0.00686269189100251,0.003181285009890622,99.64349054333334,-0.297446282260763,-55.9413806963709,0.046094903316435544,7.716737986863337,0.014626988089481152,5.597823849169695,QHD-SB coarse-only,Truncated Newton,False,False,False,False
104,104,rho=1e+02,0.25050585477867104,-52.8868094019139,0.05295753533877258,0.017808284813853104,82.34777626413872,103,,0.5479518200347526,3.05451167468489,0.0064033762219984644,0.003170115565209075,99.64349054333334,-0.2974459652560816,-55.94132107659879,0.046554159116774116,8.270252051853479,0.014638169248644028,5.617550668907117,QHD-SB coarse-only,Truncated Newton,False,False,False,False
105,105,rho=1e+02,0.25050707317861065,-52.88658025474036,0.052957305244616434,0.01780763886401228,82.34800895722299,104,,0.5488199725021016,3.2177870308579104,0.005901624831534496,0.003343873979159806,100.00502896666667,-0.2983128993234909,-56.10436728559827,0.04705568041308194,8.973343232807103,0.014463764884852473,5.325451549608545,QHD-SB coarse-only,Truncated Newton,False,False,False,False
106,106,rho=1e+02,0.25050921060936254,-52.88617826340768,0.05295690143092432,0.017806919747803074,82.34778156099786,105,,0.5486637044287568,3.18839734840759,0.006377859780803596,0.002806644143271919,99.97544855,-0.29815449381939424,-56.07457561181527,0.04657904165012072,8.303240154372267,0.015000275604531155,6.344559138531966,QHD-SB coarse-only,Truncated Newton,False,False,False,False
107,107,rho=1e+02,0.25051160632124125,-52.885727696571784,0.05295644888663496,0.017806445408634686,82.34768853830411,106,,0.5474135697821194,2.953281758265658,0.006299722102237394,0.0031711363903985657,99.56132272333333,-0.29690196346087816,-55.839009454837445,0.04665672678439757,8.406156339472036,0.01463530901823612,5.615162268815777,QHD-SB coarse-only,Truncated Newton,False,False,False,False
108,108,rho=1e+02,0.2505118101171881,-52.88568936821697,0.05295641034995223,0.017806497809161714,82.34780732283325,107,,0.5475542090424196,2.9797320952525963,0.005629557114314145,0.0031434275184705207,100.22688209333334,-0.2970423989252315,-55.865421463469566,0.04732685323563808,9.406851955600768,0.014663070290691194,5.664675805162423,QHD-SB coarse-only,Truncated Newton,False,False,False,False
109,109,rho=1e+02,0.25051656478770357,-52.88479514680875,0.052955512393333216,0.017805860049232625,82.34796246227418,108,,0.546415037404423,2.765485563760195,0.005355116223340603,0.0030610166667204286,99.72371921000001,-0.2958984726167194,-55.65028071056894,0.04760039616999261,9.888769950972,0.014744843382512196,5.81697585734148,QHD-SB coarse-only,Truncated Newton,False,False,False,False
110,110,rho=1e+02,0.2505155341352808,-52.884988983891226,0.052955707005202184,0.017806036648507606,82.34792605342453,109,,0.5463011210462556,2.7440610621280115,0.00520117655405404,0.0025917716166858895,100.21969405666668,-0.2957855869109748,-55.62905004601924,0.04775453045114814,10.18148614161656,0.015214265031821717,6.870218245262007,QHD-SB coarse-only,Truncated Newton,False,False,False,False
111,111,rho=1e+02,0.25051783869742345,-52.88455555978796,0.052955271780125476,0.01780571791733171,82.34786712990142,110,,0.546403645756732,2.7633431113637474,0.004979916829301101,0.002594886676129615,100.12265549333333,-0.2958858070593085,-55.64789867115171,0.047975354950824375,10.633766304799392,0.015210831241202094,6.861847987862692,QHD-SB coarse-only,Truncated Newton,False,False,False,False
112,112,rho=1e+02,0.25051973983386056,-52.884198008850106,0.05295491274062701,0.017805521548745817,82.34793650072777,111,,0.5463113735066815,2.7459892650539164,0.004439348794554656,0.002513809105713083,100.62919676,-0.2957916336728209,-55.63018727390402,0.04851556394607236,11.928531681399303,0.015291712443032734,7.083084196122757,QHD-SB coarse-only,Truncated Newton,False,False,False,False
113,113,rho=1e+02,0.25052186987355435,-52.8837974075701,0.05295451045881925,0.017805493964848818,82.34839819735188,112,,0.5445674460325465,2.418004964843634,0.0044603998793967745,0.0024597272928494895,99.82746420333334,-0.29404557615899213,-55.30180237241373,0.048494110579422475,11.872144177795295,0.015345766671999328,7.238808146175387,QHD-SB coarse-only,Truncated Newton,False,False,False,False
114,114,rho=1e+02,0.2505270531713269,-52.882822573284884,0.05295353156024656,0.01780492247205412,82.34841308573215,113,,0.5445674460325465,2.418004964843634,0.0044603998793967745,0.0024597272928494895,99.82746420333334,-0.2940403928612196,-55.300827538128516,0.04849313168084979,11.871924713487351,0.01534519517920463,7.238575806274797,QHD-SB coarse-only,Truncated Newton,False,False,False,False
115,115,rho=1e+02,0.2505310857393465,-52.88206415929142,0.05295276996541361,0.01780457708824451,82.34843250459059,114,,0.5445674460325465,2.418004964843634,0.0044603998793967745,0.0024597272928494895,99.82746420333334,-0.29403636029319996,-55.30006912413505,0.04849237008601683,11.871753967622954,0.015344849795395021,7.238435390786214,QHD-SB coarse-only,Truncated Newton,False,False,False,False
116,116,rho=1e+02,0.25053160355792936,-52.88196677200436,0.05295267209905997,0.01780464846418356,82.34872218241377,115,,0.5445674460325465,2.418004964843634,0.0044603998793967745,0.0024597272928494895,99.82746420333334,-0.2940358424746171,-55.29997173684799,0.04849227221966319,11.87173202646156,0.01534492117133407,7.2384644086123995,QHD-SB coarse-only,Truncated Newton,False,False,False,False
117,117,rho=1e+02,0.25053957895383383,-52.880466821643225,0.052951165858539435,0.017803741923268335,82.34942185037261,116,,0.5462283285602835,2.730370818166472,0.004459636087817462,0.002440862992849402,100.04754765000001,-0.29568874960644964,-55.610837639809695,0.04849152977072197,11.873427520955783,0.015362878930418933,7.294035746957143,QHD-SB coarse-only,Truncated Newton,False,False,False,False
118,118,rho=1e+02,0.2505384346160631,-52.88068203978074,0.05295138184437811,0.017803668360230618,82.34934020531888,117,,0.5462283285602835,2.730370818166472,0.004459636087817462,0.002440862992849402,100.04754765000001,-0.29568989394422035,-55.61105285794721,0.04849174575656064,11.873475952225604,0.015362805367381216,7.294005608830615,QHD-SB coarse-only,Truncated Newton,False,False,False,False
119,119,rho=1e+02,0.250546238415722,-52.879214361905326,0.05294990791120997,0.017802478248374498,82.34977982835815,118,,0.5462283285602835,2.730370818166472,0.004459636087817462,0.002440862992849402,100.04754765000001,-0.2956820901445615,-55.6095851800718,0.04849027182339251,11.873145446969321,0.015361615255525096,7.293518030519334,QHD-SB coarse-only,Truncated Newton,False,False,False,False
120,120,rho=1e+02,0.25054608786292115,-52.87924267670383,0.05294993625158665,0.017802310739284066,82.35018254404538,119,,0.5462283285602835,2.730370818166472,0.004459636087817462,0.002440862992849402,100.04754765000001,-0.2956822406973623,-55.6096134948703,0.048490300163769186,11.87315180183239,0.015361447746434664,7.293449403525143,QHD-SB coarse-only,Truncated Newton,False,False,False,False
121,121,rho=1e+02,0.25055385340323866,-52.877782194347446,0.05294846953124397,0.017801070397463092,82.35091431538672,120,,0.5447335328893976,2.449241287641679,0.004144839454653483,0.0024597272928494895,99.95322617333335,-0.294179679486159,-55.32702348198912,0.048803630076590485,12.774552575684881,0.015341343104613603,7.2370097486869405,QHD-SB coarse-only,Truncated Newton,False,False,False,False
122,122,rho=1e+02,0.250561457153575,-52.87635214019093,0.05294703312776662,0.017802515444582556,82.35161026667348,121,,0.5433135003733344,2.1821726291311627,0.0038484916064819396,0.0021858217949903835,100.10885661666666,-0.2927520432197594,-55.05852476932209,0.049098541521284685,13.75786633874658,0.015616693649592173,8.14454109908849,QHD-SB coarse-only,Truncated Newton,False,False,False,False
123,123,rho=1e+02,0.25056454856589994,-52.87577073143219,0.052946449140425046,0.017802985180974035,82.35206379369791,122,,0.5422570070281809,1.983475587180572,0.0035629633198991165,0.0021079513871762323,99.90885661666665,-0.291692458462281,-54.85924631861276,0.04938348582052593,14.860228519535868,0.015695033793797802,8.445633656107479,QHD-SB coarse-only,Truncated Newton,False,False,False,False
124,124,rho=1e+02,0.2505604722360434,-52.876537375811196,0.05294721895748044,0.017803758353193172,82.3520535229669,123,,0.5410596631356737,1.7582884710192204,0.0030453531011917514,0.002094052127083579,100.00218995000002,-0.2904991908996303,-54.63482584683042,0.04990186585628869,17.38623312244494,0.015709706226109593,8.502060728540107,QHD-SB coarse-only,Truncated Newton,False,False,False,False
125,125,rho=1e+02,0.2505685232186973,-52.87502320968278,0.05294569820384974,0.01780369135599938,82.35314611070459,124,,0.5409892316459967,1.745042264856922,0.0032721366326449956,0.0020161739752693197,99.82885661666667,-0.29042070842729933,-54.6200654745397,0.04967356157120475,16.180772427296738,0.01578751738073006,8.830434066892055,QHD-SB coarse-only,Truncated Newton,False,False,False,False
126,126,rho=1e+02,0.2505659829491366,-52.87550096380189,0.05294617790411747,0.017803973751710722,82.35254193348439,125,,0.5409892316459967,1.745042264856922,0.0033085889527777546,0.0020161739752693197,99.90885661666667,-0.29042324869686004,-54.62054322865881,0.04963758895133972,16.002646040290394,0.015787799776441402,8.830574132042585,QHD-SB coarse-only,Truncated Newton,False,False,False,False
127,127,rho=1e+02,0.25056187073781555,-52.87627435648735,0.05294695425433473,0.017804930998880142,82.35216391177624,126,,0.5409892316459967,1.745042264856922,0.0033085889527777546,0.0020161739752693197,99.90885661666667,-0.2904273609081811,-54.62131662134427,0.04963836530155698,16.0028806872134,0.015788757023610822,8.83104891605486,QHD-SB coarse-only,Truncated Newton,False,False,False,False
128,128,rho=1e+02,0.25056577786537976,-52.875539534358,0.05294621543844981,0.01780620175027675,82.35455743051932,127,,0.5409892316459967,1.745042264856922,0.0033085889527777546,0.0020161739752693197,99.90885661666667,-0.2904234537806169,-54.62058179921492,0.049637626485672055,16.00265738480398,0.01579002777500743,8.831679194697573,QHD-SB coarse-only,Truncated Newton,False,False,False,False
129,129,rho=1e+02,0.2505722926794975,-52.874314278846455,0.05294498368885446,0.01780788300308367,82.35427482541274,128,,0.5409892316459967,1.745042264856922,0.0033085889527777546,0.0020161739752693197,99.90885661666667,-0.29041693896649917,-54.619356543703375,0.04963639473607671,16.002285096310935,0.01579170902781435,8.832513077501112,QHD-SB coarse-only,Truncated Newton,False,False,False,False
130,130,rho=1e+02,0.25057012214594,-52.87472249589705,0.052945393570175976,0.0178072600048515,82.35398083340095,129,,0.5409892316459967,1.745042264856922,0.003086433246055632,0.0020161739752693197,99.74885661666667,-0.29041910950005667,-54.619764760753974,0.04985896032412034,17.154232523200875,0.01579108602958218,8.832204077266105,QHD-SB coarse-only,Truncated Newton,False,False,False,False
131,131,rho=1e+02,0.2505666352443233,-52.87537828520229,0.052946051825778724,0.01780684550472081,82.3533962882458,130,,0.5409188002123199,1.7317960692267098,0.0030263503229748094,0.0017260521270834328,99.97552328333333,-0.29035216496799654,-54.607174354429,0.04991970150280391,17.49501748817182,0.016080793377637376,10.316516648202057,QHD-SB coarse-only,Truncated Newton,False,False,False,False
132,132,rho=1e+02,0.2505707728766846,-52.87460011152554,0.05294526874034628,0.017808576366293793,82.35254771598554,131,,0.5407075062472891,1.6920575455282805,0.003297693122225054,0.0017281739752694758,99.85552328333334,-0.2901367333706045,-54.56665765705382,0.04964757561812123,16.05524431109663,0.016080402391024318,10.304851607036198,QHD-SB coarse-only,Truncated Newton,False,False,False,False
133,133,rho=1e+02,0.2505779496317564,-52.87325036331357,0.05294390872456022,0.017807918521937527,82.35528559384895,132,,0.5407075062472891,1.6920575455282805,0.003297693122225054,0.0017281739752694758,99.85552328333334,-0.29012955661553275,-54.56530790884185,0.04964621560233517,16.054831896801044,0.01607974454666805,10.30447094839553,QHD-SB coarse-only,Truncated Newton,False,False,False,False
134,134,rho=1e+02,0.25058408970132406,-52.87209558683905,0.05294274619058276,0.017805755592493117,82.35396961740604,133,,0.5407075062472891,1.6920575455282805,0.003297693122225054,0.0017281739752694758,99.85552328333334,-0.2901234165459651,-54.56415313236733,0.0496450530683577,16.054479367340488,0.01607758161722364,10.303219379123359,QHD-SB coarse-only,Truncated Newton,False,False,False,False
135,135,rho=1e+02,0.2505808302587921,-52.87270859741076,0.05294336029446657,0.017805200933364962,82.35366010564664,134,,0.5407075062472891,1.6920575455282805,0.003297693122225054,0.0017281739752694758,99.85552328333334,-0.29012667598849706,-54.564766142939035,0.04964566717224152,16.054665589605886,0.016077026958095486,10.30289842814499,QHD-SB coarse-only,Truncated Newton,False,False,False,False
136,136,rho=1e+02,0.25058757181278113,-52.87144069842974,0.05294208502826291,0.017803363839932473,82.35401551933921,135,,0.5407075062472891,1.6920575455282805,0.003297693122225054,0.0017281739752694758,99.85552328333334,-0.290119934434508,-54.563498243958016,0.04964439190603786,16.054278874967384,0.016075189864662998,10.301835402397133,QHD-SB coarse-only,Truncated Newton,False,False,False,False
137,137,rho=1e+02,0.2506063425863379,-52.86791043749817,0.052938536337054656,0.017801835131700805,82.353958508573,136,,0.5398623354271664,1.5331043986185344,0.002838610201560931,0.0016481739752693958,99.77552328333334,-0.28925599284082854,-54.4010148361167,0.05009992613549372,18.649456099306676,0.01615366115643141,10.800944195706691,QHD-SB coarse-only,Truncated Newton,False,False,False,False
138,138,rho=1e+02,0.2506083600384296,-52.86753101081769,0.052938154367519155,0.017805881349904434,82.35362188779273,137,,0.5403553507589047,1.6258268833384548,0.002487806859789891,0.0016182669711761744,99.94885661666667,-0.2897469907204751,-54.49335789415615,0.05045034750772926,21.279045099180276,0.01618761437872826,11.00305553227903,QHD-SB coarse-only,Truncated Newton,False,False,False,False
139,139,rho=1e+02,0.25060827634090144,-52.867546751997075,0.05293817017523607,0.01780591909980353,82.35360995778328,138,,0.5401440581378739,1.5860886124090756,0.0026927230193889724,0.0014401451229901774,99.90885661666667,-0.2895357817969725,-54.45363536440615,0.0502454471558471,19.659716129009325,0.016365773976813353,12.363975557430663,QHD-SB coarse-only,Truncated Newton,False,False,False,False
140,140,rho=1e+02,0.25059669903688864,-52.86972412118891,0.05294035186449814,0.017801864861856725,82.35381860894391,139,,0.5401440581378739,1.5860886124090756,0.0026927230193889724,0.0014401451229901774,99.90885661666667,-0.2895473591009853,-54.45581273359799,0.05024762884510917,19.660526345747684,0.016361719738866548,12.361160398123394,QHD-SB coarse-only,Truncated Newton,False,False,False,False
141,141,rho=1e+02,0.250583032997177,-52.872294323526994,0.05294293239183268,0.017804694021408163,82.35334795376026,140,,0.5401440581378739,1.5860886124090756,0.0026927230193889724,0.0014401451229901774,99.90885661666667,-0.2895610251406969,-54.45838293593607,0.05025020937244371,19.661484679492357,0.016364548898417985,12.363124894274701,QHD-SB coarse-only,Truncated Newton,False,False,False,False
142,142,rho=1e+02,0.250584514463824,-52.87201570081549,0.052942652012843885,0.017804680772038922,82.3528796803485,141,,0.5401440581378739,1.5860886124090756,0.0026927230193889724,0.0014401451229901774,99.90885661666667,-0.2895595436740499,-54.45810431322457,0.050249928993454915,19.66138055478782,0.016364535649048745,12.363115694251016,QHD-SB coarse-only,Truncated Newton,False,False,False,False
143,143,rho=1e+02,0.2505771032455219,-52.87340954504616,0.052944051495006354,0.017805041096672136,82.35142348427945,142,,0.5401440581378739,1.5860886124090756,0.0026927230193889724,0.0014401451229901774,99.90885661666667,-0.289566954892352,-54.459498157455236,0.050251328475617384,19.661900282272747,0.01636489597368196,12.363365894475606,QHD-SB coarse-only,Truncated Newton,False,False,False,False
144,144,rho=1e+02,0.2505696488161997,-52.87481151606901,0.05294545921127583,0.017807375280297688,82.35038284573348,143,,0.5390171726710435,1.3741527683231114,0.0028717473195217016,0.0013281739752695199,99.77552328333331,-0.28844752385484385,-54.24896428439212,0.05007371189175413,18.436670542481455,0.01647920130502817,13.407411688430445,QHD-SB coarse-only,Truncated Newton,False,False,False,False
145,145,rho=1e+02,0.25056053487094365,-52.87652559592686,0.052947179948314806,0.017808194465929017,82.34994271822958,144,,0.5388763129956897,1.3476609773891424,0.0028702917972882277,0.0013281739752695199,99.74885661666667,-0.28831577812474607,-54.224186573316,0.05007688815102658,18.446619259525402,0.016480020490659497,13.408028464279528,QHD-SB coarse-only,Truncated Newton,False,False,False,False
146,146,rho=1e+02,0.25054051253636755,-52.88029124070963,0.05295096085459065,0.017810677957304788,82.34804266924812,145,,0.5388763129956897,1.3476609773891424,0.0028694058424069235,0.0013281739752695199,99.74885661666667,-0.28833580045932217,-54.22795221809877,0.050081555012183726,18.45363248099271,0.016482503982035268,13.409898318245961,QHD-SB coarse-only,Truncated Newton,False,False,False,False
147,147,rho=1e+02,0.2505330863695077,-52.88168789634864,0.05295236310892219,0.017810652694987772,82.34810924290905,146,,0.5388763129956897,1.3476609773891424,0.0028694058424069235,0.0013281739752695199,99.74885661666667,-0.288343226626182,-54.22934887373778,0.05008295726651527,18.454121172522786,0.016482478719718252,13.409879297908653,QHD-SB coarse-only,Truncated Newton,False,False,False,False
148,148,rho=1e+02,0.2505366309305779,-52.88102126290236,0.05295169356577661,0.017808297965561548,82.34827564293654,147,,0.5388763129956897,1.3476609773891424,0.0028306423010998312,0.0013921739752693618,99.58885661666667,-0.28833968206511185,-54.2286822402915,0.05012105126467677,18.706600104577856,0.016416123990292186,12.791718766410604,QHD-SB coarse-only,Truncated Newton,False,False,False,False
149,149,rho=1e+02,0.2505417806616485,-52.880052741581075,0.05295072090307872,0.017807274308677123,82.34906399564079,148,,0.5396510439821357,1.4933663488620796,0.0020070837726810305,0.0012822669711760604,100.05552328333334,-0.2891092633204872,-54.37341909044316,0.05094363713039769,26.381918694080216,0.016525007337501063,13.887337589569803,QHD-SB coarse-only,Truncated Newton,False,False,False,False
150,150,rho=1e+02,0.2505388007163007,-52.88061318649869,0.052951283606149445,0.017807365784226092,82.34905313951177,149,,0.5385945943169822,1.2946775219057738,0.0026013244126877953,0.0010605609620261691,99.77552328333334,-0.2880557936006815,-54.17529070840447,0.05034995919346165,20.35550942738357,0.016746804822199923,16.790515983358155,QHD-SB coarse-only,Truncated Newton,False,False,False,False
151,151,rho=1e+02,0.2505376710051816,-52.880825653769456,0.05295149693344001,0.017807389028857118,82.34936421267393,150,,0.5384537353136284,1.268185857356352,0.0025997174912758304,0.0010605609620261691,99.74885661666667,-0.2879160643084468,-54.149011511125806,0.05035177944216418,20.36817350775052,0.01674682806683095,16.790537900656506,QHD-SB coarse-only,Truncated Newton,False,False,False,False
152,152,rho=1e+02,0.2505377584309273,-52.880809211415944,0.052951480420982674,0.017807378647542615,82.34934084502041,151,,0.5384537353136284,1.268185857356352,0.0025997174912758304,0.0010605609620261691,99.74885661666667,-0.2879159768827011,-54.148995068772294,0.05035176292970685,20.368167156115238,0.016746817685516446,16.790528112143754,QHD-SB coarse-only,Truncated Newton,False,False,False,False
153,153,rho=1e+02,0.2505356432785797,-52.88120701279981,0.05295187984630865,0.017807212207642698,82.34899837573194,152,,0.5384537353136284,1.268185857356352,0.0025997174912758304,0.0010605609620261691,99.74885661666667,-0.2879180920350487,-54.14939287015616,0.050352162355032815,20.368320797934903,0.01674665124561653,16.790371176422113,QHD-SB coarse-only,Truncated Newton,False,False,False,False
154,154,rho=1e+02,0.25053597178815773,-52.881145229276314,0.052951817799720836,0.017807227722404256,82.3489747166443,153,,0.5384537353136284,1.268185857356352,0.0025997174912758304,0.0010605609620261691,99.74885661666667,-0.28791776352547066,-54.149331086632664,0.050352100308445,20.368296931269384,0.016746666760378087,16.790385805247908,QHD-SB coarse-only,Truncated Newton,False,False,False,False
155,155,rho=1e+02,0.25053637886195584,-52.88106867000606,0.05295174092076161,0.01780720732150809,82.34916171354116,154,,0.5388763129956897,1.3476609773891424,0.0023426693149014117,0.0010561739752694699,99.66885661666667,-0.2883399341337339,-54.2287296473952,0.0506090716058602,22.603164938364344,0.01675103334623862,16.860108029990798,QHD-SB coarse-only,Truncated Newton,False,False,False,False
156,156,rho=1e+02,0.25053508347387593,-52.88131229650956,0.05295198555134256,0.017807234697403418,82.34900640418613,155,,0.5382424472285977,1.2284484395225448,0.001786304881364076,0.0010102669711760104,99.78885661666666,-0.2877073637547218,-54.10976073603211,0.05116568066997849,29.643307871894095,0.016796967726227408,17.626266329062254,QHD-SB coarse-only,Truncated Newton,False,False,False,False
157,157,rho=1e+02,0.25053416928372024,-52.88148423027569,0.05295215819119566,0.017807173267832543,82.34906724640895,156,,0.5377494436568594,1.1357281665318464,0.00191791435573911,0.0009986743200000037,99.61552328333335,-0.28721527437313915,-54.01721239680754,0.05103424383545655,27.609240231579264,0.01680849894783254,17.83081121764749,QHD-SB coarse-only,Truncated Newton,False,False,False,False
158,158,rho=1e+02,0.25053542708124354,-52.88124767351137,0.052951920647509775,0.017807196527927727,82.34915562516332,157,,0.5377494436568594,1.1357281665318464,0.00191791435573911,0.0009986743200000037,99.61552328333335,-0.28721401657561585,-54.016975840043216,0.05103400629177066,27.609116376368956,0.016808522207927723,17.83083450861905,QHD-SB coarse-only,Truncated Newton,False,False,False,False
159,159,rho=1e+02,0.25053543563239056,-52.88124606527822,0.05295191903218104,0.017807208844835637,82.34913454304636,158,,0.5377494436568594,1.1357281665318464,0.00191791435573911,0.0009986743200000037,99.61552328333335,-0.28721400802446884,-54.01697423181007,0.05103400467644193,27.60911553413701,0.016808534524835633,17.830846841876912,QHD-SB coarse-only,Truncated Newton,False,False,False,False
160,160,rho=1e+02,0.2505347053660746,-52.881383408080694,0.0529520569378405,0.01780708758501226,82.34904817707816,159,,0.5377494436568594,1.1357281665318464,0.00191791435573911,0.0009986743200000037,99.61552328333335,-0.2872147382907848,-54.01711157461254,0.051034142582101386,27.60918743810866,0.016808413265012256,17.830725421088424,QHD-SB coarse-only,Truncated Newton,False,False,False,False
161,161,rho=1e+02,0.25053112063123467,-52.88205759709679,0.05295273388920859,0.01780697701409867,82.34871627660957,160,,0.5377494436568594,1.1357281665318464,0.00191791435573911,0.0009986743200000037,99.61552328333335,-0.2872183230256247,-54.01778576362864,0.05103481953346948,27.609540400359588,0.016808302694098665,17.830614703398606,QHD-SB coarse-only,Truncated Newton,False,False,False,False
162,162,rho=1e+02,0.25053363061723505,-52.881585538473885,0.05295225985904699,0.017806929780839253,82.34884648010807,161,,0.5378903015402132,1.1622196204404078,0.0021663475929335264,0.0009986743200000037,99.72218995,-0.2873566709229782,-54.043805158914296,0.05078591226611346,24.44310415917258,0.01680825546083925,17.830567407439883,QHD-SB coarse-only,Truncated Newton,False,False,False,False
163,163,rho=1e+02,0.2505324835960854,-52.881801261280415,0.05295247643500568,0.017807223239726333,82.34901910585509,162,,0.5378903015402132,1.1622196204404078,0.0020829495325935792,0.0009986743200000037,99.80218995000001,-0.28735781794412785,-54.044020881720826,0.0508695269024121,25.421872016779997,0.01680854891972633,17.830861255875956,QHD-SB coarse-only,Truncated Newton,False,False,False,False
164,164,rho=1e+02,0.2505328308981643,-52.88173594340968,0.05295241084677613,0.017807199069516055,82.34901552746412,163,,0.5376790147991825,1.1224824553756507,0.0017033341450487958,0.0009184663272689964,99.76218995000002,-0.28714618390101815,-54.00421839878533,0.051249076701727334,31.087506230469646,0.01688873274224706,19.38797160094554,QHD-SB coarse-only,Truncated Newton,False,False,False,False
165,165,rho=1e+02,0.25052982213686376,-52.88230180780731,0.05295297900556839,0.017807481026813232,82.34865120518631,164,,0.5374677285621519,1.082745385099293,0.0018395615567684672,0.0009525229973631477,99.72218995,-0.2869379064252881,-53.9650471929066,0.05111341744879992,28.785652108641674,0.016854958029450084,18.69506676070747,QHD-SB coarse-only,Truncated Newton,False,False,False,False
166,166,rho=1e+02,0.2505261319904901,-52.88299582180387,0.05295367581218488,0.01780814280469073,82.34814207146414,165,,0.5384537353136284,1.268185857356352,0.0018587598454341935,0.000935979871543674,99.90885661666667,-0.28792760332313827,-54.15118167916022,0.051094915966750684,28.488713021350677,0.016872162933147056,19.026202748698513,QHD-SB coarse-only,Truncated Newton,False,False,False,False
167,167,rho=1e+02,0.25052942250420573,-52.88237696760588,0.05295305429309088,0.017808593670177564,82.3480346767168,166,,0.5384537353136284,1.268185857356352,0.0018587598454341935,0.000935979871543674,99.90885661666667,-0.28792431280942266,-54.15056282496223,0.05109429444765668,28.48837864835702,0.01687261379863389,19.026684452953635,QHD-SB coarse-only,Truncated Newton,False,False,False,False
168,168,rho=1e+02,0.25052632419204623,-52.88295967403178,0.05295363935224272,0.01780934072849677,82.3476623874285,167,,0.5384537353136284,1.268185857356352,0.0018587598454341935,0.000935979871543674,99.90885661666667,-0.28792741112158216,-54.15114553138813,0.05109487950680852,28.488693406152805,0.016873360856953096,19.027482609347718,QHD-SB coarse-only,Truncated Newton,False,False,False,False
169,169,rho=1e+02,0.2505269113714939,-52.88284924189335,0.05295352845074166,0.017809292013658162,82.34802137076377,168,,0.5374677285621519,1.082745385099293,0.0018230901928621035,0.0009525229973631477,99.72218995,-0.28694081719065795,-53.96559462699264,0.05113043825787956,29.046027814788978,0.016856769016295015,18.696968013328082,QHD-SB coarse-only,Truncated Newton,False,False,False,False
170,170,rho=1e+02,0.25052814059152534,-52.88261805976118,0.05295329629861905,0.017808833895243736,82.34814723840226,169,,0.5375381572518287,1.095991064659363,0.001911561628922109,0.0007586743199999857,99.81552328333335,-0.2870100166603034,-53.978609124420544,0.05104173466969694,27.701589892489284,0.01705015957524375,23.473621586722576,QHD-SB coarse-only,Truncated Newton,False,False,False,False
171,171,rho=1e+02,0.25052741218573477,-52.88275505265052,0.052953433848499654,0.017808945121847886,82.34786723691684,170,,0.5375381572518287,1.095991064659363,0.0020053130849832894,0.0007586743199999857,99.81552328333335,-0.287010745066094,-53.97874611730989,0.05094812076351636,26.406566757599812,0.0170502708018479,23.473768193245583,QHD-SB coarse-only,Truncated Newton,False,False,False,False
172,172,rho=1e+02,0.2505247889763017,-52.88324840545502,0.052953929204362656,0.017809560530845203,82.34773243292906,171,,0.5375381572518287,1.095991064659363,0.001911561628922109,0.0007586743199999857,99.81552328333335,-0.28701336827552704,-53.979239470114386,0.05104236757544055,27.70192098604862,0.017050886210845217,23.474579356851752,QHD-SB coarse-only,Truncated Newton,False,False,False,False
173,173,rho=1e+02,0.2505264277387562,-52.88294019977283,0.052953619726648,0.017809311342637024,82.34798675629034,172,,0.5376085859975057,1.1092367547515192,0.0015477552016205497,0.0007285438351756213,99.82885661666667,-0.2870821582587495,-53.99217695452435,0.05140586452502745,34.2131751010779,0.017080767507461403,24.445078638739627,QHD-SB coarse-only,Truncated Newton,False,False,False,False
174,174,rho=1e+02,0.2505259667735804,-52.88302689451378,0.052953706773525615,0.017809413943172647,82.34780656601234,173,,0.5375381572518287,1.095991064659363,0.0018040870962152478,0.0009986743200000037,99.81552328333335,-0.28701219047824833,-53.97901795917315,0.05114961967731037,29.352078890545783,0.016810739623172644,17.83305486734913,QHD-SB coarse-only,Truncated Newton,False,False,False,False
175,175,rho=1e+02,0.2505254499803611,-52.88312408895845,0.05295380436108941,0.017809409207906246,82.3477474050228,174,,0.5375381572518287,1.095991064659363,0.0019541726350298027,0.0009986743200000037,99.81552328333335,-0.28701270727146766,-53.97911515361782,0.050999631726059605,27.09781286047014,0.016810734887906242,17.833050125796948,QHD-SB coarse-only,Truncated Newton,False,False,False,False
176,176,rho=1e+02,0.2505256555616893,-52.88308542482301,0.05295376553674191,0.017809343375025766,82.34768974675063,175,,0.5376790147991825,1.1224824553756507,0.0020554509063869346,0.0012386743199999939,99.84218994999999,-0.28715335923749313,-54.00556788019866,0.05089831463035498,25.76260292678256,0.016570669055025772,14.37774489021929,QHD-SB coarse-only,Truncated Newton,False,False,False,False
177,177,rho=1e+02,0.25052681662020243,-52.882867061978466,0.05295354627024233,0.017809108854534406,82.3479394863133,176,,0.5376790147991825,1.1224824553756507,0.0020554509063869346,0.0012386743199999939,99.84218994999999,-0.28715219817898,-54.00534951735412,0.050898095363855395,25.76249625116268,0.01657043453453441,14.377555558376711,QHD-SB coarse-only,Truncated Newton,False,False,False,False
178,178,rho=1e+02,0.2505259874372519,-52.88302300825134,0.05295370284661518,0.017809254906853755,82.3480229453549,177,,0.5376790147991825,1.1224824553756507,0.0020554509063869346,0.0012386743199999939,99.84218994999999,-0.28715302736193055,-54.005505463626996,0.05089825194022825,25.76257242733033,0.01657058058685376,14.37767346856262,QHD-SB coarse-only,Truncated Newton,False,False,False,False
179,179,rho=1e+02,0.25052282419412375,-52.883617926388226,0.05295430016386722,0.01780903387696453,82.3475089715419,178,,0.5376790147991825,1.1224824553756507,0.0020554509063869346,0.0012386743199999939,99.84218994999999,-0.2871561906050587,-54.00610038176388,0.05089884925748028,25.762863028896238,0.016570359556964537,14.377495027881597,QHD-SB coarse-only,Truncated Newton,False,False,False,False
180,180,rho=1e+02,0.25052181691477476,-52.883807367645,0.05295449030935178,0.01780755814718099,82.34796285117295,179,,0.5376790147991825,1.1224824553756507,0.0020554509063869346,0.0012386743199999939,99.84218994999999,-0.2871571978844077,-54.00628982302065,0.05089903940296485,25.76295553681456,0.016568883827180997,14.376303649518688,QHD-SB coarse-only,Truncated Newton,False,False,False,False
181,181,rho=1e+02,0.25052128943404733,-52.88390657211297,0.052954589909939405,0.01780738271348631,82.34803364571967,180,,0.5376790147991825,1.1224824553756507,0.0014379160969042843,0.0007987819791754891,99.84218995000002,-0.2871577253651351,-54.00638902748862,0.05151667381303512,36.8273156020343,0.01700860073431082,22.29317032398161,QHD-SB coarse-only,Truncated Newton,False,False,False,False
182,182,rho=1e+02,0.25052195547270184,-52.88378130874896,0.052954464108590345,0.017807180695877,82.34847390908368,181,,0.5377494436568594,1.1357281665318464,0.001650763588517521,0.0009649814031751358,99.77552328333334,-0.28722748818415755,-54.019509475280806,0.051303700520072826,32.07876916896771,0.016842199292701865,18.453392611800574,QHD-SB coarse-only,Truncated Newton,False,False,False,False
183,183,rho=1e+02,0.2505221333343525,-52.88374785791461,0.05295443052039488,0.01780723575653481,82.3484457275997,182,,0.5383128765342747,1.24169423493512,0.001614092424038605,0.0009809814031751518,99.88218995000003,-0.2877907431999222,-54.125442092849724,0.05134033809635627,32.80755781499681,0.01682625435335966,18.1524702699745,QHD-SB coarse-only,Truncated Newton,False,False,False,False
184,184,rho=1e+02,0.2505220521062156,-52.883763134670126,0.05295444584207583,0.017806841915740612,82.34881124979282,183,,0.5376790147991825,1.1224824553756507,0.0016570916186702514,0.0011791421071747354,99.76218995000002,-0.28715696269296687,-54.00624559004578,0.051297354223405575,31.956257122686804,0.016627699808565877,15.10152322386859,QHD-SB coarse-only,Truncated Newton,False,False,False,False
185,185,rho=1e+02,0.25052206856606235,-52.88376003903031,0.05295444273000085,0.01780677760770838,82.34887545793842,184,,0.5376790147991825,1.1224824553756507,0.0016570916186702514,0.0011791421071747354,99.76218995000002,-0.2871569462331201,-54.00624249440596,0.051297351111330595,31.956255244652457,0.016627635500533644,15.101468685885557,QHD-SB coarse-only,Truncated Newton,False,False,False,False
186,186,rho=1e+02,0.2505218404102559,-52.88380294879785,0.05295448579926658,0.017806567647765614,82.34891659522944,185,,0.5376790147991825,1.1224824553756507,0.0016570916186702514,0.0011791421071747354,99.76218995000002,-0.2871571743889266,-54.006285404173504,0.051297394180596326,31.956281235530234,0.01662742554059088,15.101290624274927,QHD-SB coarse-only,Truncated Newton,False,False,False,False
187,187,rho=1e+02,0.25052173634757074,-52.88382252009738,0.05295450544704496,0.017806432881432133,82.34896307351961,186,,0.5376790147991825,1.1224824553756507,0.0016570916186702514,0.0011791421071747354,99.76218995000002,-0.2871572784516117,-54.006304975473036,0.05129741382837471,31.956293092314834,0.016627290774257397,15.101176332424386,QHD-SB coarse-only,Truncated Newton,False,False,False,False
188,188,rho=1e+02,0.2505216412334793,-52.8838404084151,0.05295452340269343,0.017806311903008076,82.3488811372398,187,,0.5378198725705364,1.1489738882201284,0.0015474577384860008,0.0010511421071748295,99.78885661666668,-0.2872982313370571,-54.03281429663522,0.05140706566420743,34.22033577117459,0.016755169795833247,16.939966329449373,QHD-SB coarse-only,Truncated Newton,False,False,False,False
189,189,rho=1e+02,0.25052220759515625,-52.883733891520876,0.05295441643525712,0.01780644725471292,82.34885890665436,188,,0.5377494436568594,1.1357281665318464,0.0016244747732065683,0.0009412252353606654,99.85552328333333,-0.28722723606170314,-54.019462058052724,0.05132994166205055,32.59786935978687,0.016865222019352255,18.918369998749256,QHD-SB coarse-only,Truncated Newton,False,False,False,False
190,190,rho=1e+02,0.2505221903250614,-52.88373713954585,0.05295441969594599,0.017806468027965205,82.34881919121312,189,,0.5384537353136284,1.268185857356352,0.0016845384386034255,0.001233264091174302,99.98885661666668,-0.287931544988567,-54.1519229969022,0.05126988125734257,31.435566255079404,0.016573203936790903,14.438487389193389,QHD-SB coarse-only,Truncated Newton,False,False,False,False
191,191,rho=1e+02,0.2505223153691366,-52.883713622229834,0.052954396076816984,0.017806720350530353,82.34901175827392,190,,0.5377494436568594,1.1357281665318464,0.0016917909251260215,0.001217264091174508,99.85552328333333,-0.2872271282877228,-54.01944178876168,0.05126260515169096,31.300792131198133,0.016589456259355845,14.628477484576981,QHD-SB coarse-only,Truncated Newton,False,False,False,False
192,192,rho=1e+02,0.25052231477351644,-52.88371373424945,0.052954396189218614,0.01780671681497395,82.34902697738609,191,,0.5377494436568594,1.1357281665318464,0.0016917909251260215,0.001217264091174508,99.85552328333333,-0.28722712888334295,-54.019441900781295,0.05126260526409259,31.300792197637566,0.01658945272379944,14.628474580066424,QHD-SB coarse-only,Truncated Newton,False,False,False,False
193,193,rho=1e+04,0.3265299855562889,-38.588782848625144,0.045664374149083295,0.017818971082801602,94.08520672682933,192,,0.5377494436568594,1.1357281665318464,0.0017177225667700182,0.001265264091174334,99.85552328333333,-0.21121945810057047,-39.72451101515699,0.04394665158231328,26.58425465932485,0.016553706991627268,14.083203030177847,QHD-SB coarse-only,Truncated Newton,False,False,False,False
194,194,rho=1e+04,0.48411301176640403,-8.951794302310034,0.024355055462497957,0.012662646162817509,97.443081040576,193,,0.5377494436568594,1.1357281665318464,0.0017177225667700182,0.001265264091174334,99.85552328333333,-0.05363643189045536,-10.08752246884188,0.02263733289572794,14.178689815023429,0.011397382071643175,10.007907638526975,QHD-SB coarse-only,Truncated Newton,False,False,False,False
195,195,rho=1e+04,0.5451408848252194,2.5258528678772985,0.0037558944514663488,0.0016299488317154387,99.35302482527304,194,,0.5378903015402132,1.1622196204404078,0.0016494830328342357,0.001153264091174444,99.88218995000003,0.0072505832850061624,1.3636332474368906,0.0021064114186321132,2.277013086344245,0.00047668474054099463,1.4133352839032345,QHD-SB coarse-only,QHD-SB coarse-only,False,False,False,False
196,196,rho=1e+04,0.5463387120513548,2.751130885663966,0.0012670367486835084,0.0005597822906650562,99.85677635059459,195,,0.5378198725705364,1.1489738882201284,0.001698527488324402,0.0012393473551741696,99.86885661666668,0.00851883948081833,1.6021569974438377,-0.00043149073964089354,0.7459618742664216,-0.0006795650645091134,0.45167505972237154,Truncated Newton,QHD-SB coarse-only,False,False,False,False
197,197,rho=1e+04,0.5467543143799843,2.8292941355370305,0.0006505747665694281,0.0002386961640786639,99.79751654432484,196,,0.5378198725705364,1.1489738882201284,0.0016885841396319875,0.0012233473551741536,99.78885661666668,0.008934441809447913,1.680320247316902,-0.0010380093730625595,0.3852782643755112,-0.0009846511910954897,0.19511724374037948,Truncated Newton,QHD-SB coarse-only,False,True,False,False
198,198,rho=1e+04,0.5467866715004753,2.8353796108096407,0.0006156486993837863,0.00020455797802465536,99.81293131039921,197,,0.5378903015402132,1.1622196204404078,0.0016104829834325163,0.0011133396790807826,99.88218995000003,0.008896369960262107,1.673159990369233,-0.0009948342840487298,0.38227581770011526,-0.0009087817010561272,0.18373366356038487,Truncated Newton,QHD-SB coarse-only,False,True,False,False
199,199,rho=1e+04,0.5467786502105303,2.833871029054702,0.0006046247137981455,0.00020446748386049318,99.82489483313324,198,,0.5378198725705364,1.1489738882201284,0.001493777516617822,0.0010994073192667209,99.86885661666668,0.008958777639993865,1.6848971408345736,-0.0008891528028196766,0.4047622266849506,-0.0008949398354062277,0.18597973678842547,Truncated Newton,QHD-SB coarse-only,False,True,False,False
200,200,rho=1e+04,0.546666219373525,2.8127259126756288,0.0006032893483808113,0.00021124276999626157,99.8048368277592,199,,0.5374677285621519,1.082745385099293,0.0016168089213920375,0.0011854286312662499,99.80218995000001,0.009198490811373139,1.7299805275763358,-0.0010135195730112262,0.373135835904092,-0.0009741858612699883,0.17819948365058172,Truncated Newton,QHD-SB coarse-only,False,True,False,False
201,201,rho=1e+04,0.5467259126131103,2.823952552374287,0.0005754870509074664,0.00019975937463308918,99.81475607496915,200,,0.5374677285621519,1.082745385099293,0.0016168089213920375,0.0011854286312662499,99.80218995000001,0.009258184050958462,1.741207167274994,-0.0010413218704845711,0.3559400515999036,-0.0009856692566331607,0.1685123586223073,Truncated Newton,QHD-SB coarse-only,False,True,False,False
202,202,rho=1e+04,0.5426386523032376,2.055252458824919,0.0007918416885322873,0.00030642338900876975,99.88577493984509,201,,0.5374677285621519,1.082745385099293,0.0016168089213920375,0.0011854286312662499,99.80218995000001,0.005170923741085742,0.9725070737256258,-0.0008249672328597502,0.4897558876966913,-0.0008790052422574801,0.25849163832111494,Truncated Newton,QHD-SB coarse-only,False,True,False,False
203,203,rho=1e+04,0.5371353025471084,1.0202252886315266,0.0009665835711307957,0.00033722383195034997,99.79866337431909,202,,0.5374677285621519,1.082745385099293,0.0016168089213920375,0.0011854286312662499,99.80218995000001,-0.00033242601504346325,-0.06252009646776635,-0.0006502253502612418,0.5978341400408579,-0.0008482047993158999,0.2844741750417607,Truncated Newton,Truncated Newton,False,True,False,False
204,204,rho=1e+04,0.5308122245099088,-0.16896999383545497,0.0011451578065327084,0.0004903759724498302,99.71811270900487,203,,0.5374677285621519,1.082745385099293,0.0016168089213920375,0.0011854286312662499,99.80218995000001,-0.006655504052243022,-1.251715378934748,-0.0004716511148593291,0.7082827113217265,-0.0006950526588164196,0.4136697558300249,Truncated Newton,Truncated Newton,False,False,False,False
205,205,rho=1e+04,0.5273512867117879,-0.8198762262468962,0.001138711344006279,0.0006587223746027382,99.75672591953165,204,,0.5374677285621519,1.082745385099293,0.0015883514385659219,0.0011694286312662339,99.80218995000001,-0.010116441850363977,-1.9026216113461891,-0.00044964009455964295,0.716913975306617,-0.0005107062566634957,0.563285656765122,Truncated Newton,Truncated Newton,False,False,False,False
206,206,rho=1e+04,0.5277014807555556,-0.7540144572877772,0.0010495561299881592,0.000667682738601294,99.75804143214162,205,,0.537397299928475,1.069499716071265,0.0014937338753305892,0.0010593977231736496,99.86885661666668,-0.009695819172919395,-1.823514173359042,-0.00044417774534242995,0.7026393036416037,-0.00039171498457235554,0.6302474736316305,Truncated Newton,Truncated Newton,False,False,False,False
207,207,rho=1e+04,0.5280186921260884,-0.6943558126904281,0.0009847719349066386,0.0006723381007082141,99.76310196031118,206,,0.537326871350798,1.0562540575752788,0.001627127273259957,0.001129364827173296,99.85552328333337,-0.009308179224709612,-1.750609870265707,-0.0006423553383533183,0.6052212086234924,-0.0004570267264650818,0.595324101239295,Truncated Newton,Truncated Newton,False,True,False,False
208,208,rho=1e+04,0.5287839014202224,-0.5504412069667008,0.0008698898844272518,0.0006556693862349583,99.81463384495127,207,,0.537326871350798,1.0562540575752788,0.001627127273259957,0.001129364827173296,99.85552328333337,-0.008542969930575683,-1.6066952645419796,-0.0007572373888327051,0.5346169895391302,-0.0004736954409383376,0.5805647302440284,Truncated Newton,Truncated Newton,False,True,False,False
209,209,rho=1e+04,0.5292878013276909,-0.4556716359963908,0.0006426583719455801,0.00036629733612913995,99.83531444540398,208,,0.537326871350798,1.0562540575752788,0.001627127273259957,0.001129364827173296,99.85552328333337,-0.008039070023107109,-1.5119256935716696,-0.000984468901314377,0.394965029784063,-0.0007630674910441559,0.3243392456678069,Truncated Newton,Truncated Newton,False,True,False,False
210,210,rho=1e+04,0.529339906028887,-0.44587218950968843,0.0006221060180879865,0.00027919721498792516,99.83099952627853,209,,0.537326871350798,1.0562540575752788,0.001627127273259957,0.001129364827173296,99.85552328333337,-0.00798696532191101,-1.5021262470849672,-0.0010050212551719704,0.38233396262948394,-0.0008501676121853707,0.24721614156050178,Truncated Newton,Truncated Newton,False,True,False,False
211,211,rho=1e+04,0.5289188317628594,-0.5250645587612568,0.0006761451010767466,0.0002824582845398771,99.81195731601534,210,,0.537326871350798,1.0562540575752788,0.001627127273259957,0.001129364827173296,99.85552328333337,-0.008408039587938676,-1.5813186163365356,-0.0009509821721832102,0.4155453062513585,-0.0008469065426334188,0.25010366689641483,Truncated Newton,Truncated Newton,False,True,False,False
212,212,rho=1e+04,0.5287012807573144,-0.5659798579190412,0.0006182175577171352,0.0002036881607432317,99.81142592009802,211,,0.5374677285621519,1.082745385099293,0.0012333702022412356,0.0007854286312662939,99.88218995,-0.008766447804837485,-1.6487252430183341,-0.0006151526445241004,0.5012424952327635,-0.0005817404705230622,0.25933376074518566,Truncated Newton,Truncated Newton,False,True,False,False
213,213,rho=1e+04,0.5286438758387285,-0.5767761280221606,0.0006259456299537668,0.00020592159922705466,99.81159309534678,212,,0.5369747293024134,0.9900259230759767,0.0013128530373528442,0.0007073977231735196,99.78885661666666,-0.008330853463684895,-1.5668020510981373,-0.0006869074073990774,0.47678271074109324,-0.0005014761239464649,0.2910973452151522,Truncated Newton,Truncated Newton,False,True,False,False
214,214,rho=1e+04,0.5290863780737847,-0.4935537532050116,0.0005440125548029681,0.0001819750346043758,99.83267020318958,213,,0.5369747293024134,0.9900259230759767,0.0013128530373528442,0.0007073977231735196,99.78885661666666,-0.007888351228628743,-1.4835796762809883,-0.0007688404825498762,0.41437429729368747,-0.0005254226885691438,0.25724571714480715,Truncated Newton,Truncated Newton,False,True,False,False
215,215,rho=1e+04,0.5290395860723779,-0.5023540284827765,0.0005450913042278954,0.0001862378969821746,99.8322856070345,214,,0.5369747293024134,0.9900259230759767,0.0013128530373528442,0.0007073977231735196,99.78885661666666,-0.007935143230035524,-1.4923799515587532,-0.0007677617331249488,0.4151959806003754,-0.0005211598261913449,0.26327183546290805,Truncated Newton,Truncated Newton,False,True,False,False
216,216,rho=1e+04,0.5288559920167436,-0.5368829689078036,0.0005395991292662819,0.00019469272347216737,99.82528965314671,215,,0.5369747293024134,0.9900259230759767,0.0013128530373528442,0.0007073977231735196,99.78885661666666,-0.008118737285669808,-1.5269088919837803,-0.0007732539080865623,0.41101259159539766,-0.0005127049997013522,0.27522384804793987,Truncated Newton,Truncated Newton,False,True,False,False
217,217,rho=1e+04,0.5288085298320823,-0.5458092870336939,0.0005452686423314969,0.00018974688405765106,99.81914107799719,216,,0.5369747293024134,0.9900259230759767,0.0013128530373528442,0.0007073977231735196,99.78885661666666,-0.008166199470331148,-1.5358352101096706,-0.0007675843950213473,0.41533105901247175,-0.0005176508391158685,0.2682322515916658,Truncated Newton,Truncated Newton,False,True,False,False
218,218,rho=1e+04,0.5288178431901471,-0.5440577031674998,0.0005434392500110272,0.0001885155552214246,99.81926711841155,217,,0.5365521606923522,0.9105525092343303,0.001139826671883333,0.0008554112232661559,99.94885661666667,-0.007734317502205101,-1.45461021240183,-0.0005963874218723058,0.47677358620947496,-0.0006668956680447313,0.220380034881503,Truncated Newton,Truncated Newton,False,True,False,False
219,219,rho=1e+04,0.5288182706338993,-0.5439773128748882,0.0005433602964303883,0.00018840276857021165,99.81927373149676,218,,0.5366225886540291,0.9237980518778333,0.0010369173545332318,0.000745364827173356,99.96218995000001,-0.007804318020129819,-1.4677753647527214,-0.0004935570581028435,0.524015047153861,-0.0005569620586031443,0.25276584258032503,Truncated Newton,Truncated Newton,False,True,False,False
220,220,rho=1e+04,0.5288173160482795,-0.5441568439053523,0.0005434876005138165,0.00018611017066705315,99.8193093974084,219,,0.5350027597034605,0.6191532356843554,0.000982359850161602,0.0006354092353588747,99.97552328333333,-0.006185443655180922,-1.1633100795897078,-0.0004388722496477856,0.5532469597820092,-0.00044929906469182157,0.29289812031444495,Truncated Newton,Truncated Newton,True,True,True,False
221,221,rho=1e+04,0.5288241840484378,-0.5428651639134086,0.0005421817534338924,0.0001837539233538743,99.81963652277001,220,,0.5359183115572601,0.7913430993847559,0.0009464872754140424,0.0005253550952655228,99.90885661666667,-0.007094127508822323,-1.3342082632981644,-0.00040430552198014995,0.5728357554481799,-0.0003416011719116485,0.3497708978362571,Truncated Newton,Truncated Newton,True,True,True,False
222,222,rho=1e+04,0.5288267048655332,-0.5423910682624933,0.0005416922951967741,0.00018411240461754796,99.8196556957965,221,,0.5366930166717059,0.9370436050533559,0.0009699652725217977,0.00047929321117234913,100.05552328333334,-0.007866311806172699,-1.4794346733158492,-0.0004282729773250236,0.5584656590729653,-0.00029518080655480117,0.3841331367227377,Truncated Newton,Truncated Newton,True,True,True,False
223,223,rho=1e+04,0.5288345297864394,-0.5409194180673538,0.0005402254166774206,0.0001827683192299201,99.82006696986487,222,,0.5368338728750598,0.9635347430005936,0.000954596516734663,0.00046329321117233313,100.08218995000001,-0.007999343088620381,-1.5044541610679474,-0.0004143711000572424,0.5659201633432946,-0.00028052489194241303,0.39449815974517916,Truncated Newton,Truncated Newton,True,True,True,False
224,224,rho=1e+04,0.5288426083094021,-0.5394000723720982,0.0005387162875204037,0.0001832817558402311,99.82110718448236,223,,0.5350731864331373,0.6323985466228699,0.0008582539619189769,0.00035332987535863225,99.90885661666667,-0.006230578123735175,-1.171798618994968,-0.0003195376743985732,0.6276886695820008,-0.00017004811951840115,0.518727027127833,Truncated Newton,Truncated Newton,True,True,True,False
225,225,rho=1e+04,0.5288488543437299,-0.5382253668706038,0.0005375299480509147,0.00018228242833501218,99.82147191141993,224,,0.5354253209215218,0.6986252592962261,0.0009595361431216795,0.00048721179535826664,99.97552328333333,-0.006576466577791984,-1.23685062616683,-0.0004220061950707648,0.5601977079280797,-0.00030492936702325446,0.3741338573319484,Truncated Newton,Truncated Newton,True,True,True,False
226,226,rho=1e+04,0.5288488805979887,-0.5382204291740189,0.000537515909799427,0.00018148287363434212,99.82058730208504,225,,0.5344393478820452,0.5131911273296152,0.001021239570625793,0.00048699124000001204,99.86885661666668,-0.005590467284056433,-1.0514115565036342,-0.0004837236608263661,0.52633674336576,-0.0003055083663656699,0.3726614746383069,Truncated Newton,Truncated Newton,False,True,False,False
227,227,rho=1e+04,0.5288524630471203,-0.5375466700361708,0.0005368418126137023,0.0001816201651388405,99.82114364770011,226,,0.5354253209215218,0.6986252592962261,0.0009682942161576824,0.00048721179535826664,99.89552328333332,-0.006572857874401539,-1.236171929332397,-0.00043145240354398016,0.554420137656053,-0.00030559163021942615,0.37277456512580487,Truncated Newton,Truncated Newton,True,True,True,False
228,228,rho=1e+04,0.5288803353494533,-0.5323046644415963,0.0005315941182484344,0.00017897160085561525,99.82258680807153,227,,0.5353548939118449,0.6853798956974577,0.0008735795181868242,0.0005051266792650555,99.96218994999998,-0.006474558562391541,-1.217684560139054,-0.00034198539993838975,0.6085240177697795,-0.00032615507840944025,0.354310330858021,Truncated Newton,Truncated Newton,True,True,True,False
229,229,rho=1e+04,0.5288774100639405,-0.5328548293630497,0.0005321429406103484,0.0001793252595571615,99.82243934637512,228,,0.5350027597034605,0.6191532356843554,0.0006794968208931418,0.0003258882768932547,99.97552328333333,-0.006125349639519939,-1.1520080650474052,-0.0001473538802827934,0.78314264945477,-0.00014656301733609323,0.5502660643908336,Truncated Newton,Truncated Newton,True,True,True,False
230,230,rho=1e+04,0.5288786922114542,-0.5326136930421388,0.0005318992101169087,0.000179242439064059,99.8228479268865,229,,0.5354957479871987,0.7118706334270142,0.0008684086033167836,0.000557054995357964,99.90885661666665,-0.0066170557757444515,-1.244484326469153,-0.0003365093931998748,0.6124987800505233,-0.000377812556293905,0.32176794133024095,Truncated Newton,Truncated Newton,True,True,True,False
