method,start_name,iteration,rank,objective,objective_gap_pct,l2_h,max_abs_h,load_supplied_pct,bus_l2_to_reference,branch_l2_to_reference,combined_l2_to_reference,pg_l2_to_reference,qg_l2_to_reference,logged_l2_h,logged_max_abs_h,step_norm,feasible
QCE coarse-only,QCE beam,0,1,0.0,-100.0,0.8431942016919624,0.32929871989395576,80.0,0.06178614422759487,0.8004580318079879,0.8028390799558969,0.30291707302443344,0.09914033061354571,0.843194201691963,0.329298719893956,0.701737564906041,False
QCE coarse-only,QCE beam,1,1,0.0,-100.0,1.3679708137890614,0.6420207480539549,80.0,0.0987393296260025,0.9297582784319891,0.934986583608454,0.30291707302443344,1.0412705465543133,1.36797081378906,0.642020748053955,1.77094776885173,False
QCE coarse-only,QCE beam,2,1,0.0,-100.0,2.0034955432623254,0.7671458234211125,0.0,0.1661363020437508,0.7735467741562052,0.7911863766927761,0.30291707302443344,0.4117776130985432,2.00349554326233,0.767145823421112,1.66795683397411,False
QCE coarse-only,QCE beam,3,1,0.0,-100.0,1.7026166486885406,0.7270001596315895,80.0,0.1704326687679938,0.6348834420433479,0.6573616048752694,0.30291707302443344,0.4117776130985432,1.70261664868854,0.72700015963159,1.57577663391804,False
QCE coarse-only,QCE beam,4,1,0.0,-100.0,1.2934717799927946,0.8549966289744467,152.0,0.08257485614515683,0.5322520942797374,0.5386194377596856,0.30291707302443344,0.31730778538741794,1.29347177999279,0.854996628974447,1.10814388957448,False
QCE coarse-only,QCE beam,5,1,0.0,-100.0,1.152719651430395,0.5049325637406049,-107.19999999999999,0.0778235919899133,0.7481617115936942,0.7521984167525337,0.30291707302443344,0.34992700837222485,1.15271965143039,0.504932563740605,1.12405686546665,False
QCE coarse-only,QCE beam,6,3,0.0,-100.0,1.1309473819051954,0.5654936075936413,184.4,0.08124704164756723,0.6221827194228967,0.6274650732311341,0.30291707302443344,0.3400295084848238,1.13094738190519,0.565493607593641,1.14036218438976,False
QCE coarse-only,QCE beam,7,1,0.0,-100.0,0.9374833723072421,0.4669403493816688,26.935999999999996,0.04246958065606251,0.5291828260547072,0.5308842893440606,0.30291707302443344,0.4247093519870169,0.937483372307242,0.466940349381668,0.839232601632222,False
QCE coarse-only,QCE beam,8,6,0.0,-100.0,0.5248184139347776,0.22288467051608246,26.936,0.012606322311242467,0.408778171271999,0.40897250845343464,0.30291707302443344,0.2812364743198632,0.524818413934776,0.222884670516081,1.00684414241079,False
QCE coarse-only,QCE beam,9,1,0.0,-100.0,0.5975132138794325,0.22517352,111.96656,0.04789847367123231,0.6338225478459943,0.6356298340528247,0.30291707302443344,0.43251763366317925,0.597513213879434,0.22517352,0.769102414765868,False
QCE coarse-only,QCE beam,10,1,0.0,-100.0,0.6341535380287128,0.34609530609166184,26.936,0.037991023084761676,0.7169155074741355,0.7179214181872025,0.30291707302443344,0.30705656505569706,0.634153538028712,0.346095306091661,0.673568710231827,False
QCE coarse-only,QCE beam,11,1,0.0,-100.0,0.5684335283556723,0.23718727011546725,69.45128,0.04789847366882722,0.7349593199877336,0.7365184762221754,0.30291707302443344,0.36282157497653816,0.568433528355674,0.237187270115469,0.471440589213253,False
QCE coarse-only,QCE beam,12,1,0.0,-100.0,0.4277715647646672,0.23389777807176929,69.45128,0.02098694417298805,0.5769337928742315,0.5773153845048361,0.30291707302443344,0.6532208831501117,0.427771564764668,0.233897778071769,0.740813290964246,False
QCE coarse-only,QCE beam,13,4,0.060286163226115144,-88.66184783980896,0.6025967899609246,0.3198587351979829,115.36778240000002,0.046288456195557326,0.673627731673075,0.6752162187447664,0.26847969622443346,0.7264427883976122,0.602596789982153,0.319858735417102,0.660786248751569,False
QCE coarse-only,QCE beam,14,1,0.0,-100.0,0.35093395643360625,0.22153470423692867,69.45128000000001,0.03479308136732947,0.6376938091385431,0.6386422728919988,0.30291707302443344,0.7264427883976122,0.350933956568302,0.221534704027944,0.532656166763222,False
QCE coarse-only,QCE beam,15,1,0.05425567905915326,-89.79601434544946,0.26480126898377415,0.10064536777489337,79.78249304,0.032332022952669466,0.7507330538790515,0.7514289573171764,0.2719234339044334,0.8965814288760011,0.264801269170152,0.100645367974948,0.428146556324467,False
QCE coarse-only,QCE beam,16,1,0.04882859819931414,-90.81669745549787,0.3041587830244828,0.13594601258599998,50.85509652733334,0.05177056029945227,0.9427858193247316,0.9442061703004936,0.27502279781643346,0.9263887851959821,0.304158783359934,0.135946012584001,0.340286516304563,False
QCE coarse-only,QCE beam,17,4,0.1465674941098273,-72.43472695845313,0.2635219059555103,0.14368410867152714,97.34555521,0.04846022444573499,0.9902733463939496,0.9914583672205315,0.21923424740043343,1.0502095767994415,0.263521906063526,0.14368410865665,0.41564342117013,False
QCE coarse-only,QCE beam,18,2,0.35217375140770213,-33.76590304297045,0.26129472945700793,0.09662455199505907,61.08299744233333,0.05258110480276735,1.080316063975756,1.081594919859718,0.10207829152443343,1.2876487550852822,0.261294729458004,0.0966245520295114,0.408302971462068,False
QCE coarse-only,QCE beam,19,8,0.31689284672648865,-40.401260879965974,0.19920727765638468,0.09534956891246749,99.57709722633332,0.06531373478619407,1.2749439150435589,1.276615788112586,0.12216216967443344,1.4109365380087189,0.199207277589449,0.0953495689020623,0.359361974029667,False
QCE coarse-only,QCE beam,20,1,0.3565848571441196,-32.93629662322524,0.34592867523728027,0.24973916848388655,86.77362490633334,0.03962809777045385,1.0763588380655609,1.0770880810847128,0.09956780675443344,1.2611954055224686,0.345928674603371,0.24973916794605,0.384640444598511,False
QCE coarse-only,QCE beam,21,10,0.6787486549720061,27.653761937596943,0.22605718793873064,0.1240775519002104,86.77362490666668,0.07312198927685502,1.3299580622401639,1.3319666935150505,0.08344653288556658,1.443500676192809,0.226057188060325,0.124077551953563,0.662157170407821,False
QCE coarse-only,QCE beam,22,6,0.6948876177006948,30.689052381263092,0.2045566798857759,0.1134353500155566,108.12529785666665,0.06933043551417459,1.3946221056205304,1.3963443439116394,0.09259724986556656,1.4595716129201053,0.204556679720584,0.113435349652903,0.227483444083053,False
QCE coarse-only,QCE beam,23,2,0.65131914438996,22.495033167740708,0.2167374872774218,0.12166449932906742,99.88965257333332,0.04967145710667853,1.244676235622687,1.2456669639895581,0.06789031401556656,1.4125967208910315,0.216737486862391,0.121664498902958,0.304828980230125,False
QCE coarse-only,QCE beam,24,9,0.6222853650345779,17.034586018665298,0.14891481245944843,0.07223355577010737,110.87051295333332,0.04967145711350741,1.1674507562299246,1.1685069626979558,0.051419023445566536,1.344585609948752,0.148914812101567,0.0722335553512821,0.259849944042884,False
QCE coarse-only,QCE beam,25,4,0.5308910258174797,-0.1541496574954393,0.13615262387665655,0.05962947040105537,93.57565786166666,0.061460359375516235,1.2044193444080058,1.2059864563745226,0.00046554184443342583,1.3254891664950075,0.136152623966466,0.0596294706457364,0.153264761314075,False
QCE coarse-only,QCE beam,26,5,0.5191471608389971,-2.3628443388164944,0.15108857357650868,0.08734186456516546,104.69377899366667,0.04746354233028501,1.0961434576388984,1.097170573600613,0.007136414524433421,1.2688958653115283,0.151088573324934,0.0873418642774653,0.219292919839498,False
QCE coarse-only,QCE beam,27,2,0.5896337134946068,10.89371763974416,0.12400466724761956,0.05720956769773605,104.69377899333332,0.0501010069069933,1.0370316301919613,1.038241163175344,0.03288882155556655,1.1557124747539653,0.124004667159015,0.057209567689117,0.228346612496412,False
QCE coarse-only,QCE beam,28,3,0.5156243050686948,-3.025395621310323,0.1320673995961972,0.07056741673011269,102.69251719133332,0.05325239805621653,1.0854349630933258,1.0867404828219787,0.009137676324433464,1.2066444183652438,0.132067399297003,0.0705674163134519,0.139033181908834,False
QCE coarse-only,QCE beam,29,7,0.494490114104947,-7.000149695985058,0.14372413747723092,0.0901713522304326,98.68999357999999,0.053252398052010146,1.087274348951881,1.088577662726471,0.021145247154433444,1.2066444183652438,0.143724137202466,0.0901713518487595,0.118346169715293,False
QCE coarse-only,QCE beam,30,5,0.45223687129714174,-14.946810597584214,0.11669394050715147,0.054144922503158055,90.68494636666665,0.053252398044679024,1.117150295559391,1.1184187948912268,0.04516038879443346,1.259639884745808,0.116693940156374,0.0541449221202086,0.142874956409806,False
QCE coarse-only,QCE beam,31,6,0.4617420910120858,-13.159142886174802,0.0904671978936428,0.032130184317157785,114.09970947066667,0.043877215838732074,1.0241553081757115,1.025094778707923,0.03975698192443344,1.1660212620553332,0.0904671977119611,0.0321301844409084,0.200936481895405,False
QCE coarse-only,QCE beam,32,5,0.45318734727135374,-14.76805247725399,0.11766844534881311,0.05723308079597034,83.300290307,0.055415362054635015,1.0853462571661776,1.0867600288455022,0.04462004811443343,1.2072720389331817,0.117668444983056,0.0572330804575494,0.113447946961568,False
QCE coarse-only,QCE beam,33,2,0.4360803430134043,-17.98540463406938,0.10710880327943774,0.04556313816353885,80.05824618700002,0.05541536205036183,1.105869055681975,1.1072566236722705,0.05434618047443343,1.2072720389331817,0.107108802993998,0.0455631378588095,0.0601842508555468,False
QCE coarse-only,QCE beam,34,1,0.48997861804941345,-7.848636745258464,0.06850226088062464,0.031691252075736864,99.02420430200002,0.04941545737381302,1.0502620392881976,1.051423910036892,0.02370886352443341,1.206902508783208,0.0685022604787931,0.0316912514201119,0.127841528461528,False
QCE coarse-only,QCE beam,35,10,0.42761360096593154,-19.577763551907246,0.09486371519888155,0.035269034397599375,87.20695347466668,0.049108353537787953,0.9989873170011196,1.0001936262125888,0.059160616004433425,1.1403527401865865,0.0948637150208105,0.0352690342675043,0.146010824488199,False
QCE coarse-only,QCE beam,36,8,0.3999099355107685,-24.788053235587093,0.08672789796899619,0.040803746681095696,97.711176432,0.04509973483864157,1.0025193610616305,1.0035332856392636,0.07491695043443344,1.1403527401865865,0.0867278979109816,0.040803746718414,0.0795616883574016,False
QCE coarse-only,QCE beam,37,1,0.4310771701162675,-18.92636243526028,0.05966599148621736,0.029407873730824,89.43910085499999,0.04241974980077705,0.9382216056730266,0.9391800767290758,0.05719107419443345,1.079877393723962,0.0596659912272639,0.0294078737856436,0.133055014302312,False
QCE coarse-only,QCE beam,38,4,0.3918082558645025,-26.311754059571435,0.08434375279188187,0.04334491751178003,88.37554828,0.04523919147748478,0.9259839633656376,0.9270883910695199,0.07952567825443344,1.0528038883098774,0.0843437526925078,0.0433449175982843,0.0721928001007093,False
QCE coarse-only,QCE beam,39,1,0.38059177286421325,-28.421262844903882,0.08464885133132243,0.04334491751178003,86.24844313000001,0.04523919147748478,0.9246083872972108,0.9257144561396271,0.08590699370443344,1.0528038883098774,0.0846488512710745,0.0433449175982843,0.0337908579134134,False
QCE coarse-only,QCE beam,40,3,0.38059177286421325,-28.421262844903882,0.08018285865378723,0.04334491751178003,86.24844313000001,0.04523919147748478,0.9108905031606845,0.9120132088922076,0.08590699370443344,1.0261724723689993,0.0801828585239381,0.0433449175982843,0.0649202806233033,False
QCE coarse-only,QCE beam,41,10,0.40583086383880423,-23.67449113907314,0.05399386012321574,0.029801202823076897,91.034429714,0.042099697166438445,0.896604243962737,0.897592087082711,0.07154903395443343,1.0018170817253593,0.0539938600814404,0.0298012028130078,0.0540416515731126,False
QCE coarse-only,QCE beam,42,9,0.4376423915987732,-17.69162669905474,0.06079079725994746,0.02503827307436743,91.8959073,0.04292426165131829,0.8821848921149312,0.8832285525922176,0.05345800466443343,0.9798976924475534,0.0607907974701527,0.0250382731474899,0.0621291266401514,False
QCE coarse-only,QCE beam,43,4,0.48310730215658904,-9.140940334746695,0.05253963499834949,0.02199056815310546,95.34181764333334,0.042924261648783595,0.8819667703175585,0.8830106886003579,0.02761367710443341,0.9798976924475534,0.0525396352176479,0.0219905682209768,0.0456765131989805,False
QCE coarse-only,QCE beam,44,9,0.47901450289746744,-9.910682150741646,0.050187616518009785,0.0249445154384218,94.56648781666668,0.0435508937763533,0.9027591408673847,0.9038090211810998,0.029939666584433422,1.0189574402836232,0.0501876168918799,0.0249445158254665,0.0653271449464436,False
QCE coarse-only,QCE beam,45,3,0.5121716218876425,-3.674749389618226,0.03077437792040652,0.012315398209999995,96.65987834333335,0.03969725847169546,0.8745568643682629,0.8754573555255657,0.011099151794433437,0.9834032109477755,0.0307743776197892,0.0123153982021729,0.0630920262524854,False
QCE coarse-only,QCE beam,46,4,0.5154880170960405,-3.051027601998202,0.047561796100076464,0.02201264150005655,97.28789550666667,0.04315889978138958,0.8983519524031408,0.8993880814291876,0.009215100314433455,0.9993894950454095,0.0475617956431525,0.0220126409699997,0.0425803970788181,False
QCE coarse-only,QCE beam,47,3,0.5154880170960405,-3.051027601998202,0.04078177190862858,0.02200527700321464,93.51979254999999,0.04315889979251127,0.9074342101116238,0.9084599805782347,0.009215100314433455,1.015615138350068,0.0407817715323083,0.0220052764731541,0.0345455108888252,False
QCE coarse-only,QCE beam,48,1,0.5184728790033538,-2.489658016155738,0.03255600110919761,0.012315398209999995,97.47630065333333,0.04003758153401905,0.8769935703091787,0.8779070168866026,0.007519453984433433,1.0012309094961676,0.0325560010746565,0.0123153982021729,0.0525819899984581,False
QCE coarse-only,QCE beam,49,1,0.5157864987530251,-2.99489149608575,0.041710853177813784,0.019644999473983904,96.96760675666668,0.04284238458012851,0.8979181724463784,0.898939661115225,0.009045535684433448,1.0141767106018442,0.0417108527661458,0.0196449989979354,0.0359177519850456,False
QCE coarse-only,QCE beam,50,1,0.5856588766994015,10.146161285445586,0.03586860855122068,0.020429784240999282,101.03715795000002,0.04190192601264719,0.8771920551433233,0.878192275649323,0.030632588465566546,0.9882851983022133,0.0358686079572602,0.0204297837698592,0.0795426808321738,False
QCE coarse-only,QCE beam,51,2,0.5687232037882494,6.9610317942609745,0.026554186944530007,0.00882807975727228,100.57933344000001,0.0405277761476308,0.8633536726492747,0.8643043819838375,0.021018273765566586,0.9766341380527828,0.0265541868440763,0.00882807975768556,0.039740169564915,False
QCE coarse-only,QCE beam,52,1,0.5796100506999778,9.008545190774697,0.02357931064492029,0.010087190858999978,100.16729138666668,0.038230903665795686,0.8379210233500642,0.8387927296818459,0.02719890464556657,0.945176675545087,0.0235793106321235,0.0100871908583401,0.0509958606499493,False
QCE coarse-only,QCE beam,53,1,0.5698118283176328,7.165771819151434,0.02933080959805319,0.014486027883098829,100.53812924,0.04029572152250895,0.8516040425986502,0.8525568547278142,0.02163633685556654,0.9546138508143184,0.0293308096986166,0.0144860280381717,0.0255602259746933,False
QCE coarse-only,QCE beam,54,1,0.5698118283176328,7.165771819151434,0.02963917936257812,0.014486027883098829,100.53812924,0.04029572152250895,0.8530843711882835,0.8540355317776472,0.02163633685556654,0.9546138508143184,0.029639179448193,0.0144860280381717,0.0137682261569963,False
QCE coarse-only,QCE beam,55,1,0.5698118283176328,7.165771819151434,0.029615198119184363,0.014486027883098829,100.53812924,0.04029572152250895,0.8530843711882835,0.8540355317776472,0.02163633685556654,0.9546138508143184,0.0296151982046812,0.0144860280381717,0.000445005423109879,False
QCE coarse-only,QCE beam,56,7,0.5658928425908218,6.42871949891104,0.029413585685080946,0.014486027883098829,99.79645353333333,0.04029572152250895,0.8530843711882835,0.8540355317776472,0.01941130973556654,0.9546138508143184,0.0294135857719005,0.0144860280381717,0.00222502711554956,False
QCE coarse-only,QCE beam,57,7,0.5747108041280462,8.087133043604045,0.01622753711563451,0.008638268393375476,101.46522386666668,0.038435363627484766,0.8358449360571785,0.8367281722934908,0.02441762074556658,0.9461203905513618,0.016227537073531,0.00863826836804399,0.0300455414425555,False
QCE coarse-only,QCE beam,58,5,0.5858226846499358,10.176969009288307,0.0218373325159662,0.01137400961438384,103.56787449333335,0.03679338643012662,0.8087687191047697,0.8096052089057768,0.030725572625566577,0.9231882805103534,0.0218373324912495,0.0113740096537187,0.0457544640359239,False
QCE coarse-only,QCE beam,59,5,0.5921729559177751,11.371278582833376,0.021159197258402956,0.01137400961438384,101.16484520666666,0.03679338643012662,0.8015022582751643,0.8023463237936501,0.03433011654556656,0.9079004055207798,0.0211591972863879,0.0113740096537187,0.0222564169441323,False
QCE coarse-only,QCE beam,60,1,0.5793141285201276,8.952890451392248,0.01970801014410064,0.009621690560105867,101.97586759333332,0.03676077561144951,0.7888307067173572,0.7896867977139801,0.027030915095566543,0.893989396561515,0.0197080102528195,0.00962169064001026,0.03228011726925,False
QCE coarse-only,QCE beam,61,7,0.572885414090733,7.743827898821021,0.016044408403927676,0.006205287296155604,100.75933401,0.0354146480695365,0.7672438573314091,0.76806076186111,0.023381314365566563,0.8754118232741461,0.0160444081432046,0.00620528742760509,0.0382632745677449,False
QCE coarse-only,QCE beam,62,1,0.5670999697052027,6.655746567265153,0.021360100189652828,0.009882211688489906,102.29216632000002,0.036625220993823836,0.7729659529356501,0.7738331675565244,0.02009667371556656,0.8753256786958995,0.0213600998121955,0.0098822112086423,0.014128995456782,False
QCE coarse-only,QCE beam,63,1,0.5670999697052027,6.655746567265153,0.02140136550126007,0.009904825361868763,102.29216632000002,0.036625220988931034,0.7729659529356501,0.7738331675562928,0.02009667371556656,0.8753256786958995,0.0214013651215368,0.0099048248820176,0.00196640050532615,False
QCE coarse-only,QCE beam,64,1,0.5670999697052027,6.655746567265153,0.02137233099402409,0.009904825361868763,102.29216632000002,0.036625220988931034,0.7729659529356501,0.7738331675562928,0.02009667371556656,0.8753256786958995,0.0213723306135154,0.0099048248820176,0.000262771252292127,False
QCE coarse-only,QCE beam,65,1,0.5670999697052027,6.655746567265153,0.021409966621195903,0.009887805244548131,102.29216632000002,0.036625220984212975,0.7729659529356501,0.7738331675560696,0.02009667371556656,0.8753256786958995,0.0214099662387951,0.00988780476469708,0.00284230587422421,False
QCE coarse-only,QCE beam,66,1,0.5670999697052027,6.655746567265153,0.021128015331194613,0.009900733431923103,102.29216632000002,0.03662522098735835,0.7729659529356501,0.7738331675562184,0.02009667371556656,0.8753256786958995,0.0211280149548587,0.00990073295207572,0.00264081884947651,False
QCE coarse-only,QCE beam,67,1,0.570224062772435,7.243301665539081,0.01576357038525477,0.005650800408108447,100.51846036333332,0.0355349160816601,0.760818206525834,0.7616476046322979,0.02187037966556654,0.8602764375567867,0.0157635706605077,0.00565080050972144,0.023002777328169,False
QCE coarse-only,QCE beam,68,3,0.5805343511593196,9.182380424084279,0.014412305869074068,0.0069728381466902245,102.46953691666668,0.034688426162738595,0.7470553524102176,0.7478602720257322,0.027723609315566555,0.8467321555851338,0.0144123056424329,0.00697283791808972,0.0265304554520863,False
QCE coarse-only,QCE beam,69,8,0.5746292211000738,8.071789542950803,0.01518968574691161,0.008149183331050386,101.35210216333333,0.03409310878814142,0.7383323317289958,0.7391190514005277,0.024371305065566562,0.8386674931864124,0.0151896857494332,0.00814918338207615,0.0204268934091071,False
QCE coarse-only,QCE beam,70,10,0.569567994093716,7.11991337693707,0.016416935837224506,0.006439205715696783,100.39430095,0.034093108772936004,0.73234377622182,0.7331369221616372,0.021497901415566567,0.8305415591363994,0.016416935712802,0.00643920578458795,0.0130591550676029,False
QCE coarse-only,QCE beam,71,1,0.5628201409480672,5.8508296995925635,0.01448373202933997,0.005842535382616587,100.07503387666668,0.034093108772936004,0.7343057325359846,0.7350967615906169,0.017666696555566574,0.8305415591363994,0.0144837319184843,0.00584253518367839,0.00558489280718595,False
QCE coarse-only,QCE beam,72,9,0.5666157451400688,6.564677381478745,0.010401217553690462,0.004228943855218492,101.65540588333333,0.03382471039271491,0.7224510194692464,0.7232424120343777,0.01982174929556657,0.8194720952943102,0.0104012175296649,0.00422894378754884,0.022261141896042,False
QCE coarse-only,QCE beam,73,8,0.5741315209650191,7.978185976901453,0.009660535674015942,0.005184514255452771,102.30192170333333,0.033109331507596235,0.7110968992293153,0.7118672825228217,0.024088753705566568,0.8063438629937966,0.00966053577545636,0.00518451448834784,0.0214183305122005,False
QCE coarse-only,QCE beam,74,7,0.5685971150814098,6.937318012070737,0.009760311911245522,0.004499680132531131,101.95280316,0.032763171407142376,0.703287002286435,0.704049737579451,0.02094668681556655,0.7974575591105213,0.00976031209827217,0.00449967986815186,0.0180711257958657,False
QCE coarse-only,QCE beam,75,6,0.567367294044263,6.706022847429494,0.011416242307118022,0.004969468168294244,101.02182038000001,0.03276317141124454,0.7003952889625515,0.7011611699187703,0.020248449735566554,0.7915333665355289,0.0114162427792577,0.00496946892439531,0.00837127750503595,False
QCE coarse-only,QCE beam,76,7,0.5685971150814098,6.937318012070737,0.01376334062311335,0.007080196970686181,101.25456607333332,0.03276317139835201,0.6972631610560495,0.6980324785896085,0.02094668681556655,0.7885363344804026,0.0137633413310046,0.00708019772312851,0.00781089846179958,False
QCE coarse-only,QCE beam,77,1,0.5612184447615791,5.549595152476239,0.010889534018842571,0.004820422628560472,99.85809190333333,0.03211625996786831,0.6849721473484501,0.6857246508602929,0.016757264305566566,0.7766874496766846,0.0108895338238326,0.0048204226763762,0.0207180015764519,False
QCE coarse-only,QCE beam,78,2,0.5584516017665504,5.029228866047775,0.008179618933914275,0.0039735201650181184,101.21965422000001,0.031532006550857555,0.6741381198340225,0.6748751529360628,0.015186230865566586,0.7633574762335356,0.00817961899029369,0.00397352021168773,0.0207526798506691,False
QCE coarse-only,QCE beam,79,7,0.5609417565817908,5.4975577940595155,0.009112650486518416,0.0039527471156611815,100.55982017666668,0.03100994179773466,0.664271758823096,0.6649951774714071,0.016600160965566546,0.753788620797247,0.00911265023629214,0.0039527467305645,0.0173794499984974,False
QCE coarse-only,QCE beam,80,1,0.5649261498102013,6.246911447903969,0.011100212775574662,0.005646259655501029,100.74834418666667,0.03100994180392622,0.661756313066684,0.6624824785413528,0.01886244911556656,0.7489900267318631,0.0111002124594155,0.00564625926803708,0.00730135760267971,False
QCE coarse-only,QCE beam,81,8,0.5559615169232512,4.560913097813879,0.007386444952365456,0.0031659135888330303,100.74834418666667,0.030209474839189503,0.6517573528552849,0.6524570938927616,0.01377230076556657,0.7393928558843742,0.00738644512382058,0.00316591341582451,0.0174884349466998,False
QCE coarse-only,QCE beam,82,9,0.5564097270346381,4.645208965566816,0.007606726802896799,0.004258844916181531,100.32416515999998,0.029987616530261177,0.6431883124804499,0.6438869950982198,0.014026808185566564,0.7307284140905026,0.00760672671138369,0.00425884477749985,0.0153869889298228,False
QCE coarse-only,QCE beam,83,2,0.5582025901334831,4.9823966970343525,0.009149508327278368,0.004266976163181058,100.66350838333331,0.029987616537090665,0.6395098473040902,0.6402125443510743,0.01504483785556654,0.7242292991557853,0.00914950796774406,0.00426697602450007,0.00879609449580579,False
QCE coarse-only,QCE beam,84,2,0.5582025901334831,4.9823966970343525,0.009149508327278368,0.004266976163181058,100.66350838333331,0.029987616537090665,0.6395098473040902,0.6402125443510743,0.01504483785556654,0.7242292991557853,0.00914950796774406,0.00426697602450007,0.0,False
QCE coarse-only,QCE beam,85,8,0.551927727975083,3.8022694816181257,0.009028053762242378,0.004385379865589192,100.49383677,0.029265630582455678,0.6298278786143244,0.6305074415208825,0.011481734005566568,0.7156399624139373,0.009028053467571,0.00438537963032586,0.0183539203175361,False
QCE coarse-only,QCE beam,86,6,0.5507176270958113,3.5746831307186033,0.008264559058105553,0.004946389955406361,99.34855339,0.029123709368933343,0.6218156448352267,0.6224972984754672,0.010794563975566551,0.7058773461023058,0.00826455925403437,0.0049463900125542,0.016135217901838,False
QCE coarse-only,QCE beam,87,5,0.5518067171487198,3.7795107076488588,0.009454587662301539,0.003957840617831332,99.55470439666668,0.02886764076178637,0.6152714470705771,0.6159482886277658,0.011413017005566573,0.6971314558144993,0.00945458772952003,0.00395784064008586,0.01288640043291,False
QCE coarse-only,QCE beam,88,7,0.5525327846211837,3.9160638243314505,0.011054784641722187,0.005197674091850679,99.69213840333333,0.028867640767328912,0.6134277008166822,0.614106574474425,0.01182531902556655,0.6936331022121656,0.0110547847175583,0.00519767411386207,0.00508888276903919,False
QCE coarse-only,QCE beam,89,7,0.5518067171487198,3.7795107076488588,0.008072417286095876,0.0043281911367740455,99.96700641333334,0.02815813777448006,0.6053407528370983,0.6059953034210014,0.011413017005566573,0.6866363994407843,0.00807241719125204,0.00432819104594145,0.0128860046888448,False
QCE coarse-only,QCE beam,90,1,0.5514799887254569,3.7180621698787775,0.008567454336567153,0.0035440368315153847,99.90516111666666,0.028156360010375935,0.5989511170934038,0.5996125593051485,0.011227481095566538,0.6771779708394348,0.00856745419303164,0.00354403659664454,0.0143073089194142,False
QCE coarse-only,QCE beam,91,1,0.5514799887254569,3.7180621698787775,0.00897235828664945,0.003558312773480621,99.5340893,0.028156359998328925,0.5989562456963118,0.5996176822500952,0.011227481095566538,0.6771779708394348,0.0089723581538394,0.00355831253861322,0.00216019970146946,False
QCE coarse-only,QCE beam,92,2,0.5508265355110165,3.595165777432907,0.00976137827743136,0.005992959986588747,99.41039869666668,0.027470805400093074,0.5868404431368145,0.5874830643093829,0.010856409285566582,0.6646136889984301,0.00976137816876117,0.00599295993098359,0.0199631809109917,False
QCE coarse-only,QCE beam,93,5,0.5508265355110165,3.595165777432907,0.01006471844894212,0.005992959986588747,99.41039869666668,0.027470805400093074,0.5860631429223266,0.5867066154743146,0.010856409285566582,0.6630225734796544,0.0100647183218859,0.00599295993098359,0.00299742431799697,False
QCE coarse-only,QCE beam,94,5,0.5495196435224263,3.3493757083586484,0.007721911203403881,0.0037412134784967632,100.64730474333331,0.02765434664807086,0.5876014845861702,0.5882518742651,0.010114265655566557,0.6645836924733756,0.00772191108492288,0.00374121342333039,0.00607878634962374,False
QCE coarse-only,QCE beam,95,1,0.5486375023282108,3.183469461360078,0.0072391739057110945,0.0031943460476036023,99.47842852333335,0.027323356609335027,0.5848091908084917,0.5854471414828872,0.009613318705566587,0.661761683978815,0.00723917423699286,0.00319434593671852,0.00736147753198445,False
QCE coarse-only,QCE beam,96,2,0.5489021437554374,3.2332411603572586,0.006865703484094255,0.002790436155219095,99.52852322333332,0.027046010462007806,0.5800650760690053,0.5806952549804862,0.009763602785566539,0.656674324489482,0.00686570394113153,0.00279043639876797,0.00911352483549577,False
QCE coarse-only,QCE beam,97,4,0.5481876136914373,3.098857909622277,0.006069764934769592,0.0031354841678490064,99.66377890000001,0.026962299181699578,0.5756129370795444,0.576244061930796,0.00935783575556659,0.6520717910542688,0.00606976493668733,0.00313548418170445,0.00775356050635536,False
QCE coarse-only,QCE beam,98,8,0.5492594109572327,3.300433193802932,0.006080142144984437,0.003492894600727242,99.6232021966667,0.026392327727947976,0.5654618651280316,0.5660774468895327,0.009966486305566569,0.6407102745567566,0.00608014257758772,0.00349289482372525,0.016945014810053,False
QCE coarse-only,QCE beam,99,1,0.5496881334764051,3.3810639869526815,0.00600696236155805,0.002769970278342193,100.19127603666666,0.026511414229738826,0.5653799906030731,0.5660012269057302,0.01020994651556656,0.6396680688146218,0.00600696273732249,0.0027699705080185,0.00276410471487387,False
QCE coarse-only,QCE beam,100,1,0.5483376645333816,3.127078303601394,0.005996432232027193,0.003170115565209075,99.71652861000001,0.025998174890338562,0.5558781140459547,0.5564857435486699,0.009443046835566571,0.6294425704850057,0.00599643246197632,0.00317011556758984,0.0160503878564246,False
QCE coarse-only,QCE beam,101,5,0.5479518200347526,3.05451167468489,0.0064511717493877865,0.003170115565209075,99.64349054333334,0.025998174890338562,0.5552841577549872,0.5558924364940524,0.00922393263556659,0.627583390213703,0.00645117200721674,0.00317011556758984,0.00240277474270331,False
QCE coarse-only,QCE beam,102,8,0.5479518200347526,3.05451167468489,0.00686269189100251,0.003181285009890622,99.64349054333334,0.025998174878030005,0.5545233672900776,0.5551324796548252,0.00922393263556659,0.627583390213703,0.00686269217778224,0.00318128531990736,0.00205664136775301,False
QCE coarse-only,QCE beam,103,8,0.5479518200347526,3.05451167468489,0.0064033762219984644,0.003170115565209075,99.64349054333334,0.025998174890338562,0.5553570204972057,0.5559652195175183,0.00922393263556659,0.627583390213703,0.00640337647955314,0.00317011556758984,0.00193442023400814,False
QCE coarse-only,QCE beam,104,1,0.5488199725021016,3.2177870308579104,0.005901624831534496,0.003343873979159806,100.00502896666667,0.025717276632064336,0.5498210491071474,0.5504221692107379,0.009716939575566574,0.6225570870187863,0.00590162498708119,0.0033438739017464,0.00895210482876468,False
QCE coarse-only,QCE beam,105,3,0.5486637044287568,3.18839734840759,0.006377859780803596,0.002806644143271919,99.97544855,0.025804935263346488,0.5498353220304878,0.550440529064054,0.00962819832556655,0.6218041116546464,0.00637785991321142,0.00280664407083853,0.00224559217668293,False
QCE coarse-only,QCE beam,106,2,0.5474135697821194,2.953281758265658,0.006299722102237394,0.0031711363903985657,99.56132272333333,0.02546721429751452,0.5465058098234958,0.5470988751358483,0.008918268335566581,0.6173152335291572,0.00629972184193918,0.00317113641784816,0.00756267092266499,False
QCE coarse-only,QCE beam,107,2,0.5475542090424196,2.9797320952525963,0.005629557114314145,0.0031434275184705207,100.22688209333334,0.025417382987814378,0.5443487301006104,0.5449418164539187,0.008998135455566547,0.6145968168587717,0.00562955731157128,0.00314342749308105,0.00428351471525409,False
QCE coarse-only,QCE beam,108,5,0.546415037404423,2.765485563760195,0.005355116223340603,0.0030610166667204286,99.72371921000001,0.025328276498831875,0.5433988843663242,0.5439888501807432,0.008351211755566579,0.6139869283413406,0.00535511615241452,0.00306101674950687,0.0029188228375365,False
QCE coarse-only,QCE beam,109,1,0.5463011210462556,2.7440610621280115,0.00520117655405404,0.0025917716166858895,100.21969405666668,0.025392049930537328,0.5434389153057179,0.5440318105297981,0.00828651938556657,0.6134380287286612,0.00520117634270266,0.00259177162935731,0.00145133157501406,False
QCE coarse-only,QCE beam,110,3,0.546403645756732,2.7633431113637474,0.004979916829301101,0.002594886676129615,100.12265549333333,0.025334625039120786,0.5424251017378372,0.5430164216864679,0.00834474251556655,0.6134327783407265,0.0049799171361645,0.00259488658624374,0.00201234858842593,False
QCE coarse-only,QCE beam,111,7,0.5463113735066815,2.7459892650539164,0.004439348794554656,0.002513809105713083,100.62919676,0.025237895755362106,0.541922020567815,0.542509380341448,0.008292341695566585,0.6129881658919855,0.00443934892269518,0.00251380900339337,0.00160372276686449,False
QCE coarse-only,QCE beam,112,1,0.5445674460325465,2.418004964843634,0.0044603998793967745,0.0024597272928494895,99.82746420333334,0.025237225602943603,0.54087773044493,0.5414661917861467,0.007301966185566555,0.6125803428209965,0.00446039992935039,0.00245972720514387,0.00262655314026391,False
QCE coarse-only,QCE beam,113,1,0.5445674460325465,2.418004964843634,0.0044603998793967745,0.0024597272928494895,99.82746420333334,0.025237225602943603,0.54087773044493,0.5414661917861467,0.007301966185566555,0.6125803428209965,0.00446039992935039,0.00245972720514387,0.0,False
QCE coarse-only,QCE beam,114,1,0.5445674460325465,2.418004964843634,0.0044603998793967745,0.0024597272928494895,99.82746420333334,0.025237225602943603,0.54087773044493,0.5414661917861467,0.007301966185566555,0.6125803428209965,0.00446039992935039,0.00245972720514387,0.0,False
QCE coarse-only,QCE beam,115,1,0.5445674460325465,2.418004964843634,0.0044603998793967745,0.0024597272928494895,99.82746420333334,0.025237225602943603,0.54087773044493,0.5414661917861467,0.007301966185566555,0.6125803428209965,0.00446039992935039,0.00245972720514387,0.0,False
QCE coarse-only,QCE beam,116,4,0.5462283285602835,2.730370818166472,0.004459636087817462,0.002440862992849402,100.04754765000001,0.025191584527390072,0.54110728022689,0.5416933677326525,0.008245180955566589,0.612588014720458,0.0044596361368996,0.00244086290981937,0.00191915897053505,False
QCE coarse-only,QCE beam,117,9,0.5462283285602835,2.730370818166472,0.004459636087817462,0.002440862992849402,100.04754765000001,0.025191584527390072,0.54110728022689,0.5416933677326525,0.008245180955566589,0.612588014720458,0.0044596361368996,0.00244086290981937,0.0,False
QCE coarse-only,QCE beam,118,9,0.5462283285602835,2.730370818166472,0.004459636087817462,0.002440862992849402,100.04754765000001,0.025191584527390072,0.54110728022689,0.5416933677326525,0.008245180955566589,0.612588014720458,0.0044596361368996,0.00244086290981937,0.0,False
QCE coarse-only,QCE beam,119,9,0.5462283285602835,2.730370818166472,0.004459636087817462,0.002440862992849402,100.04754765000001,0.025191584527390072,0.54110728022689,0.5416933677326525,0.008245180955566589,0.612588014720458,0.0044596361368996,0.00244086290981937,0.0,False
QCE coarse-only,QCE beam,120,2,0.5447335328893976,2.449241287641679,0.004144839454653483,0.0024597272928494895,99.95322617333335,0.02519158453120087,0.5412679939971619,0.541853907669682,0.007396287665566548,0.6125803428209965,0.00414483948986029,0.00245972720514387,0.00169789231994577,False
QCE coarse-only,QCE beam,121,8,0.5433135003733344,2.1821726291311627,0.0038484916064819396,0.0021858217949903835,100.10885661666666,0.025274415608209793,0.5412931743157364,0.5418829178384781,0.006589839045566537,0.6122202022798533,0.00384849111989641,0.00218582185793847,0.00162860361840881,False
QCE coarse-only,QCE beam,122,10,0.5422570070281809,1.983475587180572,0.0035629633198991165,0.0021079513871762323,99.90885661666665,0.025235044356179005,0.5408173936532225,0.5414058189025335,0.005989839045566547,0.6118808045895066,0.0035629629521577,0.0021079514501201,0.00193177291253399,False
QCE coarse-only,QCE beam,123,6,0.5410596631356737,1.7582884710192204,0.0030453531011917514,0.002094052127083579,100.00218995000002,0.025161139891583247,0.5402121600325037,0.5407978002984362,0.005309839045566589,0.6112051421325108,0.00304535283455606,0.00209405219002257,0.00180956604212171,False
QCE coarse-only,QCE beam,124,2,0.5409892316459967,1.745042264856922,0.0032721366326449956,0.0020161739752693197,99.82885661666667,0.025160723639745308,0.5395759102162052,0.5401622209112018,0.005269839045566549,0.6108596655604036,0.00327213654072255,0.00201617403820409,0.00183132739618017,False
QCE coarse-only,QCE beam,125,1,0.5409892316459967,1.745042264856922,0.0033085889527777546,0.0020161739752693197,99.90885661666667,0.025160723639745308,0.5395755023727655,0.5401618135104498,0.005269839045566549,0.6108596655604036,0.00330858886209663,0.00201617403820409,0.000432666153055688,False
QCE coarse-only,QCE beam,126,1,0.5409892316459967,1.745042264856922,0.0033085889527777546,0.0020161739752693197,99.90885661666667,0.025160723639745308,0.5395755023727655,0.5401618135104498,0.005269839045566549,0.6108596655604036,0.00330858886209663,0.00201617403820409,0.0,False
QCE coarse-only,QCE beam,127,1,0.5409892316459967,1.745042264856922,0.0033085889527777546,0.0020161739752693197,99.90885661666667,0.025160723639745308,0.5395755023727655,0.5401618135104498,0.005269839045566549,0.6108596655604036,0.00330858886209663,0.00201617403820409,0.0,False
QCE coarse-only,QCE beam,128,1,0.5409892316459967,1.745042264856922,0.0033085889527777546,0.0020161739752693197,99.90885661666667,0.025160723639745308,0.5395755023727655,0.5401618135104498,0.005269839045566549,0.6108596655604036,0.00330858886209663,0.00201617403820409,0.0,False
QCE coarse-only,QCE beam,129,1,0.5409892316459967,1.745042264856922,0.003086433246055632,0.0020161739752693197,99.74885661666667,0.025121899351840914,0.539628734043441,0.540213180542988,0.005269839045566549,0.6108596655604036,0.00308643309385451,0.00201617403820409,0.000791797990399083,False
QCE coarse-only,QCE beam,130,5,0.5409188002123199,1.7317960692267098,0.0030263503229748094,0.0017260521270834328,99.97552328333333,0.025161139917273655,0.5397121189352309,0.5402983012072992,0.005229839045566564,0.6105202662926805,0.0030263498025236,0.00172605219002264,0.00108329943709024,False
QCE coarse-only,QCE beam,131,5,0.5407075062472891,1.6920575455282805,0.003297693122225054,0.0017281739752694758,99.85552328333334,0.02516072364686752,0.5392154675168078,0.5398021697101667,0.0051098390455665554,0.610180867038293,0.0032976928962099,0.00172817403820402,0.00144856350140407,False
QCE coarse-only,QCE beam,132,10,0.5407075062472891,1.6920575455282805,0.003297693122225054,0.0017281739752694758,99.85552328333334,0.02516072364686752,0.5392154675168078,0.5398021697101667,0.0051098390455665554,0.610180867038293,0.0032976928962099,0.00172817403820402,0.0,False
QCE coarse-only,QCE beam,133,6,0.5407075062472891,1.6920575455282805,0.003297693122225054,0.0017281739752694758,99.85552328333334,0.02516072364686752,0.5392154675168078,0.5398021697101667,0.0051098390455665554,0.610180867038293,0.0032976928962099,0.00172817403820402,0.0,False
QCE coarse-only,QCE beam,134,7,0.5407075062472891,1.6920575455282805,0.003297693122225054,0.0017281739752694758,99.85552328333334,0.02516072364686752,0.5392154675168078,0.5398021697101667,0.0051098390455665554,0.610180867038293,0.0032976928962099,0.00172817403820402,0.0,False
QCE coarse-only,QCE beam,135,7,0.5407075062472891,1.6920575455282805,0.003297693122225054,0.0017281739752694758,99.85552328333334,0.02516072364686752,0.5392154675168078,0.5398021697101667,0.0051098390455665554,0.610180867038293,0.0032976928962099,0.00172817403820402,0.0,False
QCE coarse-only,QCE beam,136,5,0.5398623354271664,1.5331043986185344,0.002838610201560931,0.0016481739752693958,99.77552328333334,0.025160723658059568,0.5394065595883225,0.5399930541607991,0.004629839045566575,0.610180867038293,0.00283860999140269,0.00164817403820416,0.0014343679416384,False
QCE coarse-only,QCE beam,137,5,0.5403553507589047,1.6258268833384548,0.002487806859789891,0.0016182669711761744,99.94885661666667,0.02508675459910165,0.5388547088807538,0.5394383584240905,0.0049098390455665775,0.6101838163641256,0.00248780688193054,0.00161826703410672,0.00130049895901535,False
QCE coarse-only,QCE beam,138,8,0.5401440581378739,1.5860886124090756,0.0026927230193889724,0.0014401451229901774,99.90885661666667,0.02512620412993867,0.5388622213048302,0.5394476987471122,0.0047898390455665685,0.6095020685696135,0.00269272262325925,0.00144014518592495,0.00131415750654176,False
QCE coarse-only,QCE beam,139,8,0.5401440581378739,1.5860886124090756,0.0026927230193889724,0.0014401451229901774,99.90885661666667,0.02512620412993867,0.5388622213048302,0.5394476987471122,0.0047898390455665685,0.6095020685696135,0.00269272262325925,0.00144014518592495,0.0,False
QCE coarse-only,QCE beam,140,8,0.5401440581378739,1.5860886124090756,0.0026927230193889724,0.0014401451229901774,99.90885661666667,0.02512620412993867,0.5388622213048302,0.5394476987471122,0.0047898390455665685,0.6095020685696135,0.00269272262325925,0.00144014518592495,0.0,False
QCE coarse-only,QCE beam,141,8,0.5401440581378739,1.5860886124090756,0.0026927230193889724,0.0014401451229901774,99.90885661666667,0.02512620412993867,0.5388622213048302,0.5394476987471122,0.0047898390455665685,0.6095020685696135,0.00269272262325925,0.00144014518592495,0.0,False
QCE coarse-only,QCE beam,142,8,0.5401440581378739,1.5860886124090756,0.0026927230193889724,0.0014401451229901774,99.90885661666667,0.02512620412993867,0.5388622213048302,0.5394476987471122,0.0047898390455665685,0.6095020685696135,0.00269272262325925,0.00144014518592495,0.0,False
QCE coarse-only,QCE beam,143,5,0.5390171726710435,1.3741527683231114,0.0028717473195217016,0.0013281739752695199,99.77552328333331,0.025160723649156804,0.539046658454315,0.5396335441809674,0.004149839045566539,0.6098387057181878,0.00287174690396821,0.00132817403820429,0.00156215321348452,False
QCE coarse-only,QCE beam,144,9,0.5388763129956897,1.3476609773891424,0.0028702917972882277,0.0013281739752695199,99.74885661666667,0.025160723649156804,0.539046658454315,0.5396335441809674,0.00406983904556657,0.6098387057181878,0.00287029138168386,0.00132817403820429,8.00000000000245e-05,False
QCE coarse-only,QCE beam,145,9,0.5388763129956897,1.3476609773891424,0.0028694058424069235,0.0013281739752695199,99.74885661666667,0.025160723648648076,0.539046658454315,0.5396335441809438,0.00406983904556657,0.6098387057181878,0.0028694054274312,0.00132817403820429,7.99999999578915e-08,False
QCE coarse-only,QCE beam,146,9,0.5388763129956897,1.3476609773891424,0.0028694058424069235,0.0013281739752695199,99.74885661666667,0.025160723648648076,0.539046658454315,0.5396335441809438,0.00406983904556657,0.6098387057181878,0.0028694054274312,0.00132817403820429,0.0,False
QCE coarse-only,QCE beam,147,9,0.5388763129956897,1.3476609773891424,0.0028306423010998312,0.0013921739752693618,99.58885661666667,0.025160723646104423,0.5389939461311362,0.5395808891912405,0.00406983904556657,0.6098387057181878,0.00283064186961865,0.00139217403820435,0.000753445997003098,False
QCE coarse-only,QCE beam,148,1,0.5396510439821357,1.4933663488620796,0.0020070837726810305,0.0012822669711760604,100.05552328333334,0.02508675461287784,0.5386889733991371,0.5392728023169934,0.004509839045566566,0.6098414677972632,0.00200708365298813,0.00128226703410683,0.00110685236739143,False
QCE coarse-only,QCE beam,149,6,0.5385945943169822,1.2946775219057738,0.0026013244126877953,0.0010605609620261691,99.77552328333334,0.025160723649156804,0.5388779177928186,0.5394649870930207,0.003909839045566577,0.6098387057181878,0.00260132382689675,0.00106056020603668,0.00128639660944827,False
QCE coarse-only,QCE beam,150,10,0.5384537353136284,1.268185857356352,0.0025997174912758304,0.0010605609620261691,99.74885661666667,0.025160723649156804,0.5388779177928186,0.5394649870930207,0.003829839045566552,0.6098387057181878,0.0025997169052992,0.00106056020603668,8.00000000000245e-05,False
QCE coarse-only,QCE beam,151,9,0.5384537353136284,1.268185857356352,0.0025997174912758304,0.0010605609620261691,99.74885661666667,0.025160723649156804,0.5388779177928186,0.5394649870930207,0.003829839045566552,0.6098387057181878,0.0025997169052992,0.00106056020603668,0.0,False
QCE coarse-only,QCE beam,152,9,0.5384537353136284,1.268185857356352,0.0025997174912758304,0.0010605609620261691,99.74885661666667,0.025160723649156804,0.5388779177928186,0.5394649870930207,0.003829839045566552,0.6098387057181878,0.0025997169052992,0.00106056020603668,0.0,False
QCE coarse-only,QCE beam,153,9,0.5384537353136284,1.268185857356352,0.0025997174912758304,0.0010605609620261691,99.74885661666667,0.025160723649156804,0.5388779177928186,0.5394649870930207,0.003829839045566552,0.6098387057181878,0.0025997169052992,0.00106056020603668,0.0,False
QCE coarse-only,QCE beam,154,7,0.5388763129956897,1.3476609773891424,0.0023426693149014117,0.0010561739752694699,99.66885661666667,0.02516072363592984,0.5390172549138555,0.5396041726198492,0.00406983904556657,0.6098337482346008,0.00234266874975418,0.00105617403820446,0.00118613358033569,False
QCE coarse-only,QCE beam,155,4,0.5382424472285977,1.2284484395225448,0.001786304881364076,0.0010102669711760104,99.78885661666666,0.02508675459374424,0.5383024730545635,0.5388867207054798,0.003709839045566543,0.6091573281427248,0.00178630435750207,0.001010267034107,0.00131254893150694,False
QCE coarse-only,QCE beam,156,3,0.5377494436568594,1.1357281665318464,0.00191791435573911,0.0009986743200000037,99.61552328333335,0.02504755210744039,0.537970271302469,0.5385530546490541,0.0034298390455665406,0.6088232701545438,0.00191791428558018,0.000998674319697829,0.00129289752354934,False
QCE coarse-only,QCE beam,157,4,0.5377494436568594,1.1357281665318464,0.00191791435573911,0.0009986743200000037,99.61552328333335,0.02504755210744039,0.537970271302469,0.5385530546490541,0.0034298390455665406,0.6088232701545438,0.00191791428558018,0.000998674319697829,0.0,False
QCE coarse-only,QCE beam,158,4,0.5377494436568594,1.1357281665318464,0.00191791435573911,0.0009986743200000037,99.61552328333335,0.02504755210744039,0.537970271302469,0.5385530546490541,0.0034298390455665406,0.6088232701545438,0.00191791428558018,0.000998674319697829,0.0,False
QCE coarse-only,QCE beam,159,3,0.5377494436568594,1.1357281665318464,0.00191791435573911,0.0009986743200000037,99.61552328333335,0.02504755210744039,0.537970271302469,0.5385530546490541,0.0034298390455665406,0.6088232701545438,0.00191791428558018,0.000998674319697829,0.0,False
QCE coarse-only,QCE beam,160,4,0.5377494436568594,1.1357281665318464,0.00191791435573911,0.0009986743200000037,99.61552328333335,0.02504755210744039,0.537970271302469,0.5385530546490541,0.0034298390455665406,0.6088232701545438,0.00191791428558018,0.000998674319697829,0.0,False
QCE coarse-only,QCE beam,161,2,0.5378903015402132,1.1622196204404078,0.0021663475929335264,0.0009986743200000037,99.72218995,0.025047552113061696,0.5375604888477771,0.5381437159691801,0.003509839045566565,0.6081444717932635,0.00216634731154326,0.000998674319697829,0.00116553210234638,False
QCE coarse-only,QCE beam,162,3,0.5378903015402132,1.1622196204404078,0.0020829495325935792,0.0009986743200000037,99.80218995000001,0.025086491447505268,0.5375309952876742,0.5381160682864835,0.003509839045566565,0.6077973272061724,0.00208294924748098,0.000998674319697829,0.00165906978273966,False
QCE coarse-only,QCE beam,163,7,0.5376790147991825,1.1224824553756507,0.0017033341450487958,0.0009184663272689964,99.76218995000002,0.025012457691255856,0.5368178332296156,0.537400231776184,0.003389839045566556,0.6071209152245438,0.00170333416179199,0.000918466390190886,0.00148607423340829,False
QCE coarse-only,QCE beam,164,5,0.5374677285621519,1.082745385099293,0.0018395615567684672,0.0009525229973631477,99.72218995,0.025051869652540176,0.5369260206368733,0.5375101374021107,0.003269839045566547,0.607455719745397,0.00183956099044107,0.00095252273964061,0.00129744441484019,False
QCE coarse-only,QCE beam,165,2,0.5384537353136284,1.268185857356352,0.0018587598454341935,0.000935979871543674,99.90885661666667,0.025012876406624054,0.5371224607172457,0.5377045487933705,0.003829839045566552,0.6078080334869809,0.00185875939376246,0.000935979613822691,0.00215373930753007,False
QCE coarse-only,QCE beam,166,2,0.5384537353136284,1.268185857356352,0.0018587598454341935,0.000935979871543674,99.90885661666667,0.025012876406624054,0.5371224607172457,0.5377045487933705,0.003829839045566552,0.6078080334869809,0.00185875939376246,0.000935979613822691,0.0,False
QCE coarse-only,QCE beam,167,2,0.5384537353136284,1.268185857356352,0.0018587598454341935,0.000935979871543674,99.90885661666667,0.025012876406624054,0.5371224607172457,0.5377045487933705,0.003829839045566552,0.6078080334869809,0.00185875939376246,0.000935979613822691,0.0,False
QCE coarse-only,QCE beam,168,9,0.5374677285621519,1.082745385099293,0.0018230901928621035,0.0009525229973631477,99.72218995,0.025051869652540176,0.5371168425593373,0.5377007520303462,0.003269839045566547,0.607793111225189,0.00182308972320076,0.00095252273964061,0.00250027858543804,False
QCE coarse-only,QCE beam,169,1,0.5375381572518287,1.095991064659363,0.001911561628922109,0.0007586743199999857,99.81552328333335,0.025051606145484517,0.5361819135637066,0.5367668277784187,0.003309839045566587,0.6064336601655441,0.00191156123515249,0.000758674319697838,0.00200464267698758,False
QCE coarse-only,QCE beam,170,1,0.5375381572518287,1.095991064659363,0.0020053130849832894,0.0007586743199999857,99.81552328333335,0.025051606144207157,0.5361819135637066,0.536766827778359,0.003309839045566587,0.6064336601655441,0.0020053127103222,0.000758674319697838,0.000571874117616815,False
QCE coarse-only,QCE beam,171,1,0.5375381572518287,1.095991064659363,0.001911561628922109,0.0007586743199999857,99.81552328333335,0.025051606145484517,0.5361819135637066,0.5367668277784187,0.003309839045566587,0.6064336601655441,0.00191156123515249,0.000758674319697838,0.000571874117616815,False
QCE coarse-only,QCE beam,172,6,0.5376085859975057,1.1092367547515192,0.0015477552016205497,0.0007285438351756213,99.82885661666667,0.024938514653827643,0.5354720252721501,0.5360524408695453,0.0033498390455665716,0.6054239047400382,0.00154775512900863,0.000728543898093514,0.002453543032922,False
QCE coarse-only,QCE beam,173,3,0.5375381572518287,1.095991064659363,0.0018040870962152478,0.0009986743200000037,99.81552328333335,0.02489923428978826,0.5349682712286973,0.5355474050816031,0.003309839045566587,0.6050845026739589,0.00180408720748847,0.000998674319697829,0.00138952711380526,False
QCE coarse-only,QCE beam,174,1,0.5375381572518287,1.095991064659363,0.0019541726350298027,0.0009986743200000037,99.81552328333335,0.024899234292358616,0.5345844108623279,0.5351639601144381,0.003309839045566587,0.6044056985727608,0.00195417253465643,0.000998674319697829,0.00104181506228313,False
QCE coarse-only,QCE beam,175,4,0.5376790147991825,1.1224824553756507,0.0020554509063869346,0.0012386743199999939,99.84218994999999,0.024909516561200072,0.5346143410409627,0.5351943363508022,0.003389839045566556,0.6047476954687762,0.0020554508500447,0.00123867431969782,0.0011776590419981,False
QCE coarse-only,QCE beam,176,5,0.5376790147991825,1.1224824553756507,0.0020554509063869346,0.0012386743199999939,99.84218994999999,0.024909516561200072,0.5346143410409627,0.5351943363508022,0.003389839045566556,0.6047476954687762,0.0020554508500447,0.00123867431969782,0.0,False
QCE coarse-only,QCE beam,177,5,0.5376790147991825,1.1224824553756507,0.0020554509063869346,0.0012386743199999939,99.84218994999999,0.024909516561200072,0.5346143410409627,0.5351943363508022,0.003389839045566556,0.6047476954687762,0.0020554508500447,0.00123867431969782,0.0,False
QCE coarse-only,QCE beam,178,5,0.5376790147991825,1.1224824553756507,0.0020554509063869346,0.0012386743199999939,99.84218994999999,0.024909516561200072,0.5346143410409627,0.5351943363508022,0.003389839045566556,0.6047476954687762,0.0020554508500447,0.00123867431969782,0.0,False
QCE coarse-only,QCE beam,179,5,0.5376790147991825,1.1224824553756507,0.0020554509063869346,0.0012386743199999939,99.84218994999999,0.024909516561200072,0.5346143410409627,0.5351943363508022,0.003389839045566556,0.6047476954687762,0.0020554508500447,0.00123867431969782,0.0,False
QCE coarse-only,QCE beam,180,1,0.5376790147991825,1.1224824553756507,0.0014379160969042843,0.0007987819791754891,99.84218995000002,0.024790325418848413,0.5319426961133698,0.5325200392311384,0.003389839045566556,0.6023692865181054,0.00143791588191335,0.000798782042080504,0.00437806899022846,False
QCE coarse-only,QCE beam,181,10,0.5377494436568594,1.1357281665318464,0.001650763588517521,0.0009649814031751358,99.77552328333334,0.02461310879989254,0.5284942655576574,0.5290670976843326,0.0034298390455665406,0.5982990863603473,0.00165076335782212,0.000964981466067494,0.00602682282228371,False
QCE coarse-only,QCE beam,182,2,0.5383128765342747,1.24169423493512,0.001614092424038605,0.0009809814031751518,99.88218995000003,0.024652106117047302,0.5284445686757411,0.5290192704419152,0.003749839045566583,0.5982940332591111,0.0016140921944648,0.000980981466067288,0.00129959997783935,False
QCE coarse-only,QCE beam,183,1,0.5376790147991825,1.1224824553756507,0.0016570916186702514,0.0011791421071747354,99.76218995000002,0.02446484772866931,0.5249752134813487,0.5255449586326317,0.003389839045566556,0.5942236421018178,0.00165709132054838,0.00117914217005399,0.00598787308242252,False
QCE coarse-only,QCE beam,184,1,0.5376790147991825,1.1224824553756507,0.0016570916186702514,0.0011791421071747354,99.76218995000002,0.02446484772866931,0.5249752134813487,0.5255449586326317,0.003389839045566556,0.5942236421018178,0.00165709132054838,0.00117914217005399,0.0,False
QCE coarse-only,QCE beam,185,1,0.5376790147991825,1.1224824553756507,0.0016570916186702514,0.0011791421071747354,99.76218995000002,0.02446484772866931,0.5249752134813487,0.5255449586326317,0.003389839045566556,0.5942236421018178,0.00165709132054838,0.00117914217005399,0.0,False
QCE coarse-only,QCE beam,186,1,0.5376790147991825,1.1224824553756507,0.0016570916186702514,0.0011791421071747354,99.76218995000002,0.02446484772866931,0.5249752134813487,0.5255449586326317,0.003389839045566556,0.5942236421018178,0.00165709132054838,0.00117914217005399,0.0,False
QCE coarse-only,QCE beam,187,1,0.5378198725705364,1.1489738882201284,0.0015474577384860008,0.0010511421071748295,99.78885661666668,0.02446484771558932,0.525139155735182,0.5257087232108734,0.0034698390455665806,0.5945605982859492,0.00154745751214692,0.00105114217005409,0.000700583966702082,False
QCE coarse-only,QCE beam,188,3,0.5377494436568594,1.1357281665318464,0.0016244747732065683,0.0009412252353606654,99.85552328333333,0.02442559821813125,0.5242009760148877,0.5247697334100686,0.0034298390455665406,0.5932054369856209,0.00162447454312424,0.000941225298235704,0.00207078730998621,False
QCE coarse-only,QCE beam,189,1,0.5384537353136284,1.268185857356352,0.0016845384386034255,0.001233264091174302,99.98885661666668,0.02432668911670339,0.5216426125197335,0.5222095393611588,0.003829839045566552,0.5904815446913619,0.00168453815395216,0.0012332641540409,0.00456631161582301,False
QCE coarse-only,QCE beam,190,3,0.5377494436568594,1.1357281665318464,0.0016917909251260215,0.001217264091174508,99.85552328333333,0.024326689105653797,0.5216417279755238,0.5222086557767245,0.0034298390455665406,0.5904854940870848,0.00169179070474782,0.00121726415404111,0.00101407707793832,False
QCE coarse-only,QCE beam,191,4,0.5377494436568594,1.1357281665318464,0.0016917909251260215,0.001217264091174508,99.85552328333333,0.024326689105653797,0.5216417279755238,0.5222086557767245,0.0034298390455665406,0.5904854940870848,0.00169179070474782,0.00121726415404111,0.0,False
QCE coarse-only,QCE beam,192,2,0.5377494436568594,1.1357281665318464,0.0017177225667700182,0.001265264091174334,99.85552328333333,0.024326689118018816,0.5216446171854612,0.5222115418506288,0.0034298390455665406,0.590490223825459,0.00171772233661232,0.00126526415404093,0.000919722880002473,False
QCE coarse-only,QCE beam,193,3,0.5377494436568594,1.1357281665318464,0.0017177225667700182,0.001265264091174334,99.85552328333333,0.024326689118018816,0.5216446171854612,0.5222115418506288,0.0034298390455665406,0.590490223825459,0.00171772233661232,0.00126526415404093,0.0,False
QCE coarse-only,QCE beam,194,2,0.5378903015402132,1.1622196204404078,0.0016494830328342357,0.001153264091174444,99.88218995000003,0.02432668912170201,0.5218068310194793,0.5223735796364661,0.003509839045566565,0.5908271644354526,0.00164948287366771,0.00115326415404104,0.000781752292225614,False
QCE coarse-only,QCE beam,195,1,0.5378198725705364,1.1489738882201284,0.001698527488324402,0.0012393473551741696,99.86885661666668,0.02413947277306502,0.5183362956976834,0.5188980917129661,0.0034698390455665806,0.5867568068920309,0.00169852728227984,0.00123934741802789,0.00588053080651739,False
QCE coarse-only,QCE beam,196,1,0.5378198725705364,1.1489738882201284,0.0016885841396319875,0.0012233473551741536,99.78885661666668,0.02417843328415555,0.5183389240331354,0.51890253112112,0.0034698390455665806,0.5867520470590284,0.00168858398365153,0.00122334741802788,0.00112299608975279,False
QCE coarse-only,QCE beam,197,1,0.5378903015402132,1.1622196204404078,0.0016104829834325163,0.0011133396790807826,99.88218995000003,0.024104501938207987,0.5171820409575412,0.5177434601254727,0.003509839045566565,0.5857338344030609,0.00161048286282087,0.00111333974193029,0.00187539015588758,False
QCE coarse-only,QCE beam,198,1,0.5378198725705364,1.1489738882201284,0.001493777516617822,0.0010994073192667209,99.86885661666668,0.02406514742237149,0.5164345953212047,0.5169949927852657,0.0034698390455665806,0.5847156218206118,0.00149377750263929,0.00109940738211201,0.00169992947430179,False
QCE coarse-only,QCE beam,199,2,0.5374677285621519,1.082745385099293,0.0016168089213920375,0.0011854286312662499,99.80218995000001,0.02387798851360151,0.5127731781941025,0.513328832826227,0.003269839045566547,0.5806450779954649,0.00161680868954394,0.00118542869409888,0.00622394095447573,False
QCE coarse-only,QCE beam,200,2,0.5374677285621519,1.082745385099293,0.0016168089213920375,0.0011854286312662499,99.80218995000001,0.02387798851360151,0.5127731781941025,0.513328832826227,0.003269839045566547,0.5806450779954649,0.00161680868954394,0.00118542869409888,0.0,False
QCE coarse-only,QCE beam,201,2,0.5374677285621519,1.082745385099293,0.0016168089213920375,0.0011854286312662499,99.80218995000001,0.02387798851360151,0.5127731781941025,0.513328832826227,0.003269839045566547,0.5806450779954649,0.00161680868954394,0.00118542869409888,0.0,False
QCE coarse-only,QCE beam,202,2,0.5374677285621519,1.082745385099293,0.0016168089213920375,0.0011854286312662499,99.80218995000001,0.02387798851360151,0.5127731781941025,0.513328832826227,0.003269839045566547,0.5806450779954649,0.00161680868954394,0.00118542869409888,0.0,False
QCE coarse-only,QCE beam,203,2,0.5374677285621519,1.082745385099293,0.0016168089213920375,0.0011854286312662499,99.80218995000001,0.02387798851360151,0.5127731781941025,0.513328832826227,0.003269839045566547,0.5806450779954649,0.00161680868954394,0.00118542869409888,0.0,False
QCE coarse-only,QCE beam,204,2,0.5374677285621519,1.082745385099293,0.0015883514385659219,0.0011694286312662339,99.80218995000001,0.02391688929962468,0.5131312042069966,0.5136882812802848,0.003269839045566547,0.580640664864413,0.00158835150812659,0.00116942869409886,0.00112938931179646,False
QCE coarse-only,QCE beam,205,1,0.537397299928475,1.069499716071265,0.0014937338753305892,0.0010593977231736496,99.86885661666668,0.02385304725417981,0.511535837445896,0.5120916723154013,0.0032298390455665626,0.5789436383809521,0.00149373359399714,0.00105939778600139,0.00266953793275166,False
QCE coarse-only,QCE beam,206,3,0.537326871350798,1.0562540575752788,0.001627127273259957,0.001129364827173296,99.85552328333337,0.02366584708101841,0.508232024451175,0.5087827267073852,0.003189839045566578,0.5752146355306322,0.00162712706644387,0.00112936488998816,0.00557600869210228,False
QCE coarse-only,QCE beam,207,5,0.537326871350798,1.0562540575752788,0.001627127273259957,0.001129364827173296,99.85552328333337,0.02366584708101841,0.508232024451175,0.5087827267073852,0.003189839045566578,0.5752146355306322,0.00162712706644387,0.00112936488998816,0.0,False
QCE coarse-only,QCE beam,208,6,0.537326871350798,1.0562540575752788,0.001627127273259957,0.001129364827173296,99.85552328333337,0.02366584708101841,0.508232024451175,0.5087827267073852,0.003189839045566578,0.5752146355306322,0.00162712706644387,0.00112936488998816,0.0,False
QCE coarse-only,QCE beam,209,6,0.537326871350798,1.0562540575752788,0.001627127273259957,0.001129364827173296,99.85552328333337,0.02366584708101841,0.508232024451175,0.5087827267073852,0.003189839045566578,0.5752146355306322,0.00162712706644387,0.00112936488998816,0.0,False
QCE coarse-only,QCE beam,210,6,0.537326871350798,1.0562540575752788,0.001627127273259957,0.001129364827173296,99.85552328333337,0.02366584708101841,0.508232024451175,0.5087827267073852,0.003189839045566578,0.5752146355306322,0.00162712706644387,0.00112936488998816,0.0,False
QCE coarse-only,QCE beam,211,1,0.5374677285621519,1.082745385099293,0.0012333702022412356,0.0007854286312662939,99.88218995,0.023916889295343188,0.5129139034376264,0.5134712162655162,0.003269839045566547,0.5803033681556492,0.00123337004731906,0.000785428694098922,0.00762572070613659,False
QCE coarse-only,QCE beam,212,2,0.5369747293024134,0.9900259230759767,0.0013128530373528442,0.0007073977231735196,99.78885661666666,0.023842958952026105,0.5117299808360628,0.5122851354256389,0.0029898390455665447,0.5792851559718609,0.00131285286396707,0.000707397786001485,0.00185452528998665,False
QCE coarse-only,QCE beam,213,2,0.5369747293024134,0.9900259230759767,0.0013128530373528442,0.0007073977231735196,99.78885661666666,0.023842958952026105,0.5117299808360628,0.5122851354256389,0.0029898390455665447,0.5792851559718609,0.00131285286396707,0.000707397786001485,0.0,False
QCE coarse-only,QCE beam,214,2,0.5369747293024134,0.9900259230759767,0.0013128530373528442,0.0007073977231735196,99.78885661666666,0.023842958952026105,0.5117299808360628,0.5122851354256389,0.0029898390455665447,0.5792851559718609,0.00131285286396707,0.000707397786001485,0.0,False
QCE coarse-only,QCE beam,215,2,0.5369747293024134,0.9900259230759767,0.0013128530373528442,0.0007073977231735196,99.78885661666666,0.023842958952026105,0.5117299808360628,0.5122851354256389,0.0029898390455665447,0.5792851559718609,0.00131285286396707,0.000707397786001485,0.0,False
QCE coarse-only,QCE beam,216,2,0.5369747293024134,0.9900259230759767,0.0013128530373528442,0.0007073977231735196,99.78885661666666,0.023842958952026105,0.5117299808360628,0.5122851354256389,0.0029898390455665447,0.5792851559718609,0.00131285286396707,0.000707397786001485,0.0,False
QCE coarse-only,QCE beam,217,6,0.5365521606923522,0.9105525092343303,0.001139826671883333,0.0008554112232661559,99.94885661666667,0.023768683828241887,0.5096311392823432,0.5101851119516778,0.002749839045566582,0.5769072068321552,0.00113982652112305,0.000855411286085905,0.0036255714826769,False
QCE coarse-only,QCE beam,218,8,0.5366225886540291,0.9237980518778333,0.0010369173545332318,0.000745364827173356,99.96218995000001,0.023704769326010344,0.5084259801847395,0.5089782838349908,0.0027898390455665667,0.5755517119512673,0.00103691733505301,0.00074536488998822,0.00234483968577811,False
QCE coarse-only,QCE beam,219,4,0.5350027597034605,0.6191532356843554,0.000982359850161602,0.0006354092353588747,99.97552328333333,0.023655399891251695,0.5075395677551714,0.5080905340400678,0.0018698390455665903,0.5745335001256122,0.000982359704682257,0.000635409298169964,0.00221913865524441,False
QCE coarse-only,QCE beam,220,1,0.5359183115572601,0.7913430993847559,0.0009464872754140424,0.0005253550952655228,99.90885661666667,0.023620532020429883,0.5063052283418857,0.5068559102735779,0.0023898390455665552,0.5731737496567428,0.000946487272957922,0.000525355158072394,0.00223474395490848,False
QCE coarse-only,QCE beam,221,10,0.5366930166717059,0.9370436050533559,0.0009699652725217977,0.00047929321117234913,100.05552328333334,0.023556544281651295,0.5047607736137901,0.5053101516471693,0.002829839045566551,0.5711353780983883,0.000969964853571863,0.000479293273974779,0.00292242677896299,False
QCE coarse-only,QCE beam,222,5,0.5368338728750598,0.9635347430005936,0.000954596516734663,0.00046329321117233313,100.08218995000001,0.023556544282194666,0.5047340985295138,0.5052835055658556,0.0029098390455665757,0.5714767239557159,0.000954596139227944,0.000463293273974763,0.00065931137408666,False
QCE coarse-only,QCE beam,223,3,0.5350731864331373,0.6323985466228699,0.0008582539619189769,0.00035332987535863225,99.90885661666667,0.023507192968286465,0.5040962212402993,0.5046440214547251,0.0019098390455665748,0.5708000574345437,0.00085825380379187,0.000353329938156399,0.00206682759803522,False
QCE coarse-only,QCE beam,224,1,0.5354253209215218,0.6986252592962261,0.0009595361431216795,0.00048721179535826664,99.97552328333333,0.023369006104094762,0.5009021126962032,0.5014469433048855,0.0021098390455665528,0.5670625033114056,0.000959536124074412,0.000487211858143155,0.0055557598179907,False
QCE coarse-only,QCE beam,225,10,0.5344393478820452,0.5131911273296152,0.001021239570625793,0.00048699124000001204,99.86885661666668,0.023359040259699988,0.5009552573649337,0.5014995659453967,0.0015498390455665478,0.5674038630194251,0.00102123956621523,0.000486991246773427,0.00124569030629611,False
QCE coarse-only,QCE beam,226,7,0.5354253209215218,0.6986252592962261,0.0009682942161576824,0.00048721179535826664,99.89552328333332,0.023369006104094762,0.5009018981798421,0.5014467290216001,0.0021098390455665528,0.5670625033114056,0.000968294220359609,0.000487211858143155,0.00135637175553021,False
QCE coarse-only,QCE beam,227,2,0.5353548939118449,0.6853798956974577,0.0008735795181868242,0.0005051266792650555,99.96218994999998,0.02329499914186578,0.4995294105992329,0.5000722838136868,0.0020698390455665683,0.5653695972508221,0.000873579438409279,0.000505126742045725,0.00272956635149251,False
QCE coarse-only,QCE beam,228,5,0.5350027597034605,0.6191532356843554,0.0006794968208931418,0.0003258882768932547,99.97552328333333,0.023369006086019536,0.500903929233059,0.501448757867208,0.0018698390455665903,0.5670625033114056,0.000679496967748265,0.000325888534612989,0.00262680976882608,False
QCE coarse-only,QCE beam,229,7,0.5354957479871987,0.7118706334270142,0.0008684086033167836,0.000557054995357964,99.90885661666665,0.0231817387792122,0.497650848389594,0.4981904855732497,0.0021498390455665373,0.5633331752778823,0.00086840878467826,0.000557055058130196,0.00558064377590974,False
QCE coarse-only,QCE beam,230,9,0.5354957479871987,0.7118706334270142,0.0008684086033167836,0.000557054995357964,99.90885661666665,0.0231817387792122,0.497650848389594,0.4981904855732497,0.0021498390455665373,0.5633331752778823,0.00086840878467826,0.000557055058130196,0.0,False
QCE coarse-only,QCE beam,231,8,0.5354957479871987,0.7118706334270142,0.0008684086033167836,0.000557054995357964,99.90885661666665,0.0231817387792122,0.497650848389594,0.4981904855732497,0.0021498390455665373,0.5633331752778823,0.00086840878467826,0.000557055058130196,0.0,False
QCE coarse-only,QCE beam,232,9,0.5354957479871987,0.7118706334270142,0.0008684086033167836,0.000557054995357964,99.90885661666665,0.0231817387792122,0.497650848389594,0.4981904855732497,0.0021498390455665373,0.5633331752778823,0.00086840878467826,0.000557055058130196,0.0,False
QCE coarse-only,QCE beam,233,8,0.5354957479871987,0.7118706334270142,0.0008684086033167836,0.000557054995357964,99.90885661666665,0.0231817387792122,0.497650848389594,0.4981904855732497,0.0021498390455665373,0.5633331752778823,0.00086840878467826,0.000557055058130196,0.0,False
QCE coarse-only,QCE beam,234,9,0.5354957479871987,0.7118706334270142,0.0008684086033167836,0.000557054995357964,99.90885661666665,0.0231817387792122,0.497650848389594,0.4981904855732497,0.0021498390455665373,0.5633331752778823,0.00086840878467826,0.000557055058130196,0.0,False
QCE coarse-only,QCE beam,235,8,0.5354957479871987,0.7118706334270142,0.0008684086033167836,0.000557054995357964,99.90885661666665,0.0231817387792122,0.497650848389594,0.4981904855732497,0.0021498390455665373,0.5633331752778823,0.00086840878467826,0.000557055058130196,0.0,False
QCE coarse-only,QCE beam,236,9,0.5354957479871987,0.7118706334270142,0.0008684086033167836,0.000557054995357964,99.90885661666665,0.0231817387792122,0.497650848389594,0.4981904855732497,0.0021498390455665373,0.5633331752778823,0.00086840878467826,0.000557055058130196,0.0,False
QCE coarse-only,QCE beam,237,8,0.5354957479871987,0.7118706334270142,0.0008684086033167836,0.000557054995357964,99.90885661666665,0.0231817387792122,0.497650848389594,0.4981904855732497,0.0021498390455665373,0.5633331752778823,0.00086840878467826,0.000557055058130196,0.0,False
QCE coarse-only,QCE beam,238,9,0.5354957479871987,0.7118706334270142,0.0008684086033167836,0.000557054995357964,99.90885661666665,0.0231817387792122,0.497650848389594,0.4981904855732497,0.0021498390455665373,0.5633331752778823,0.00086840878467826,0.000557055058130196,0.0,False
QCE coarse-only,QCE beam,239,8,0.5354957479871987,0.7118706334270142,0.0008684086033167836,0.000557054995357964,99.90885661666665,0.0231817387792122,0.497650848389594,0.4981904855732497,0.0021498390455665373,0.5633331752778823,0.00086840878467826,0.000557055058130196,0.0,False
QCE coarse-only,QCE beam,240,9,0.5354957479871987,0.7118706334270142,0.0008684086033167836,0.000557054995357964,99.90885661666665,0.0231817387792122,0.497650848389594,0.4981904855732497,0.0021498390455665373,0.5633331752778823,0.00086840878467826,0.000557055058130196,0.0,False
QCE coarse-only,QCE beam,241,8,0.5354957479871987,0.7118706334270142,0.0008684086033167836,0.000557054995357964,99.90885661666665,0.0231817387792122,0.497650848389594,0.4981904855732497,0.0021498390455665373,0.5633331752778823,0.00086840878467826,0.000557055058130196,0.0,False
QCE coarse-only,QCE beam,242,9,0.5354957479871987,0.7118706334270142,0.0008684086033167836,0.000557054995357964,99.90885661666665,0.0231817387792122,0.497650848389594,0.4981904855732497,0.0021498390455665373,0.5633331752778823,0.00086840878467826,0.000557055058130196,0.0,False
QCE coarse-only,QCE beam,243,8,0.5354957479871987,0.7118706334270142,0.0008684086033167836,0.000557054995357964,99.90885661666665,0.0231817387792122,0.497650848389594,0.4981904855732497,0.0021498390455665373,0.5633331752778823,0.00086840878467826,0.000557055058130196,0.0,False
QCE coarse-only,QCE beam,244,9,0.5354957479871987,0.7118706334270142,0.0008684086033167836,0.000557054995357964,99.90885661666665,0.0231817387792122,0.497650848389594,0.4981904855732497,0.0021498390455665373,0.5633331752778823,0.00086840878467826,0.000557055058130196,0.0,False
QCE coarse-only,QCE beam,245,9,0.5354957479871987,0.7118706334270142,0.0008684086033167836,0.000557054995357964,99.90885661666665,0.0231817387792122,0.497650848389594,0.4981904855732497,0.0021498390455665373,0.5633331752778823,0.00086840878467826,0.000557055058130196,0.0,False
QCE coarse-only,QCE beam,246,9,0.5354957479871987,0.7118706334270142,0.0008684086033167836,0.000557054995357964,99.90885661666665,0.0231817387792122,0.497650848389594,0.4981904855732497,0.0021498390455665373,0.5633331752778823,0.00086840878467826,0.000557055058130196,0.0,False
QCE coarse-only,QCE beam,247,9,0.5354957479871987,0.7118706334270142,0.0008684086033167836,0.000557054995357964,99.90885661666665,0.0231817387792122,0.497650848389594,0.4981904855732497,0.0021498390455665373,0.5633331752778823,0.00086840878467826,0.000557055058130196,0.0,False
QCE coarse-only,QCE beam,248,8,0.5354957479871987,0.7118706334270142,0.0008684086033167836,0.000557054995357964,99.90885661666665,0.0231817387792122,0.497650848389594,0.4981904855732497,0.0021498390455665373,0.5633331752778823,0.00086840878467826,0.000557055058130196,0.0,False
QCE coarse-only,QCE beam,249,8,0.5354957479871987,0.7118706334270142,0.0008684086033167836,0.000557054995357964,99.90885661666665,0.0231817387792122,0.497650848389594,0.4981904855732497,0.0021498390455665373,0.5633331752778823,0.00086840878467826,0.000557055058130196,0.0,False
QCE coarse-only,QCE beam,250,8,0.5354957479871987,0.7118706334270142,0.0008684086033167836,0.000557054995357964,99.90885661666665,0.0231817387792122,0.497650848389594,0.4981904855732497,0.0021498390455665373,0.5633331752778823,0.00086840878467826,0.000557055058130196,0.0,False
QCE coarse-only,QCE beam,251,8,0.5354957479871987,0.7118706334270142,0.0008684086033167836,0.000557054995357964,99.90885661666665,0.0231817387792122,0.497650848389594,0.4981904855732497,0.0021498390455665373,0.5633331752778823,0.00086840878467826,0.000557055058130196,0.0,False
QCE coarse-only,QCE beam,252,8,0.5354957479871987,0.7118706334270142,0.0008684086033167836,0.000557054995357964,99.90885661666665,0.0231817387792122,0.497650848389594,0.4981904855732497,0.0021498390455665373,0.5633331752778823,0.00086840878467826,0.000557055058130196,0.0,False
QCE coarse-only,QCE beam,253,8,0.5354957479871987,0.7118706334270142,0.0008684086033167836,0.000557054995357964,99.90885661666665,0.0231817387792122,0.497650848389594,0.4981904855732497,0.0021498390455665373,0.5633331752778823,0.00086840878467826,0.000557055058130196,0.0,False
QCE coarse-only,QCE beam,254,8,0.5354957479871987,0.7118706334270142,0.0008684086033167836,0.000557054995357964,99.90885661666665,0.0231817387792122,0.497650848389594,0.4981904855732497,0.0021498390455665373,0.5633331752778823,0.00086840878467826,0.000557055058130196,0.0,False
QCE coarse-only,QCE beam,255,8,0.5354957479871987,0.7118706334270142,0.0008684086033167836,0.000557054995357964,99.90885661666665,0.0231817387792122,0.497650848389594,0.4981904855732497,0.0021498390455665373,0.5633331752778823,0.00086840878467826,0.000557055058130196,0.0,False
QCE coarse-only,QCE beam,256,8,0.5354957479871987,0.7118706334270142,0.0008684086033167836,0.000557054995357964,99.90885661666665,0.0231817387792122,0.497650848389594,0.4981904855732497,0.0021498390455665373,0.5633331752778823,0.00086840878467826,0.000557055058130196,0.0,False
QCE coarse-only,QCE beam,257,8,0.5354957479871987,0.7118706334270142,0.0008684086033167836,0.000557054995357964,99.90885661666665,0.0231817387792122,0.497650848389594,0.4981904855732497,0.0021498390455665373,0.5633331752778823,0.00086840878467826,0.000557055058130196,0.0,False
QCE coarse-only,QCE beam,258,8,0.5354957479871987,0.7118706334270142,0.0008684086033167836,0.000557054995357964,99.90885661666665,0.0231817387792122,0.497650848389594,0.4981904855732497,0.0021498390455665373,0.5633331752778823,0.00086840878467826,0.000557055058130196,0.0,False
QCE coarse-only,QCE beam,259,8,0.5354957479871987,0.7118706334270142,0.0008684086033167836,0.000557054995357964,99.90885661666665,0.0231817387792122,0.497650848389594,0.4981904855732497,0.0021498390455665373,0.5633331752778823,0.00086840878467826,0.000557055058130196,0.0,False
QCE coarse-only,QCE beam,260,8,0.5354957479871987,0.7118706334270142,0.0008684086033167836,0.000557054995357964,99.90885661666665,0.0231817387792122,0.497650848389594,0.4981904855732497,0.0021498390455665373,0.5633331752778823,0.00086840878467826,0.000557055058130196,0.0,False
QCE coarse-only,QCE beam,261,8,0.5354957479871987,0.7118706334270142,0.0008684086033167836,0.000557054995357964,99.90885661666665,0.0231817387792122,0.497650848389594,0.4981904855732497,0.0021498390455665373,0.5633331752778823,0.00086840878467826,0.000557055058130196,0.0,False
QCE coarse-only,QCE beam,262,8,0.5354957479871987,0.7118706334270142,0.0008684086033167836,0.000557054995357964,99.90885661666665,0.0231817387792122,0.497650848389594,0.4981904855732497,0.0021498390455665373,0.5633331752778823,0.00086840878467826,0.000557055058130196,0.0,False
QCE coarse-only,QCE beam,263,8,0.5354957479871987,0.7118706334270142,0.0008684086033167836,0.000557054995357964,99.90885661666665,0.0231817387792122,0.497650848389594,0.4981904855732497,0.0021498390455665373,0.5633331752778823,0.00086840878467826,0.000557055058130196,0.0,False
QCE coarse-only,QCE beam,264,8,0.5354957479871987,0.7118706334270142,0.0008684086033167836,0.000557054995357964,99.90885661666665,0.0231817387792122,0.497650848389594,0.4981904855732497,0.0021498390455665373,0.5633331752778823,0.00086840878467826,0.000557055058130196,0.0,False
QCE coarse-only,QCE beam,265,8,0.5354957479871987,0.7118706334270142,0.0008684086033167836,0.000557054995357964,99.90885661666665,0.0231817387792122,0.497650848389594,0.4981904855732497,0.0021498390455665373,0.5633331752778823,0.00086840878467826,0.000557055058130196,0.0,False
QCE coarse-only,QCE beam,266,8,0.5354957479871987,0.7118706334270142,0.0008684086033167836,0.000557054995357964,99.90885661666665,0.0231817387792122,0.497650848389594,0.4981904855732497,0.0021498390455665373,0.5633331752778823,0.00086840878467826,0.000557055058130196,0.0,False
QCE coarse-only,QCE beam,267,8,0.5354957479871987,0.7118706334270142,0.0008684086033167836,0.000557054995357964,99.90885661666665,0.0231817387792122,0.497650848389594,0.4981904855732497,0.0021498390455665373,0.5633331752778823,0.00086840878467826,0.000557055058130196,0.0,False
QCE coarse-only,QCE beam,268,8,0.5354957479871987,0.7118706334270142,0.0008684086033167836,0.000557054995357964,99.90885661666665,0.0231817387792122,0.497650848389594,0.4981904855732497,0.0021498390455665373,0.5633331752778823,0.00086840878467826,0.000557055058130196,0.0,False
QCE coarse-only,QCE beam,269,8,0.5354957479871987,0.7118706334270142,0.0008684086033167836,0.000557054995357964,99.90885661666665,0.0231817387792122,0.497650848389594,0.4981904855732497,0.0021498390455665373,0.5633331752778823,0.00086840878467826,0.000557055058130196,0.0,False
QCE coarse-only,QCE beam,270,8,0.5354957479871987,0.7118706334270142,0.0008684086033167836,0.000557054995357964,99.90885661666665,0.0231817387792122,0.497650848389594,0.4981904855732497,0.0021498390455665373,0.5633331752778823,0.00086840878467826,0.000557055058130196,0.0,False
QCE coarse-only,QCE beam,271,8,0.5354957479871987,0.7118706334270142,0.0008684086033167836,0.000557054995357964,99.90885661666665,0.0231817387792122,0.497650848389594,0.4981904855732497,0.0021498390455665373,0.5633331752778823,0.00086840878467826,0.000557055058130196,0.0,False
QCE coarse-only,QCE beam,272,8,0.5354957479871987,0.7118706334270142,0.0008684086033167836,0.000557054995357964,99.90885661666665,0.0231817387792122,0.497650848389594,0.4981904855732497,0.0021498390455665373,0.5633331752778823,0.00086840878467826,0.000557055058130196,0.0,False
QCE coarse-only,QCE beam,273,8,0.5354957479871987,0.7118706334270142,0.0008684086033167836,0.000557054995357964,99.90885661666665,0.0231817387792122,0.497650848389594,0.4981904855732497,0.0021498390455665373,0.5633331752778823,0.00086840878467826,0.000557055058130196,0.0,False
QCE coarse-only,QCE beam,274,8,0.5354957479871987,0.7118706334270142,0.0008684086033167836,0.000557054995357964,99.90885661666665,0.0231817387792122,0.497650848389594,0.4981904855732497,0.0021498390455665373,0.5633331752778823,0.00086840878467826,0.000557055058130196,0.0,False
QCE coarse-only,QCE beam,275,7,0.5354957479871987,0.7118706334270142,0.0008684086033167836,0.000557054995357964,99.90885661666665,0.0231817387792122,0.497650848389594,0.4981904855732497,0.0021498390455665373,0.5633331752778823,0.00086840878467826,0.000557055058130196,0.0,False
QCE coarse-only,QCE beam,276,7,0.5354957479871987,0.7118706334270142,0.0008684086033167836,0.000557054995357964,99.90885661666665,0.0231817387792122,0.497650848389594,0.4981904855732497,0.0021498390455665373,0.5633331752778823,0.00086840878467826,0.000557055058130196,0.0,False
QCE coarse-only,QCE beam,277,7,0.5354957479871987,0.7118706334270142,0.0008684086033167836,0.000557054995357964,99.90885661666665,0.0231817387792122,0.497650848389594,0.4981904855732497,0.0021498390455665373,0.5633331752778823,0.00086840878467826,0.000557055058130196,0.0,False
QCE coarse-only,QCE beam,278,7,0.5354957479871987,0.7118706334270142,0.0008684086033167836,0.000557054995357964,99.90885661666665,0.0231817387792122,0.497650848389594,0.4981904855732497,0.0021498390455665373,0.5633331752778823,0.00086840878467826,0.000557055058130196,0.0,False
QCE coarse-only,QCE beam,279,7,0.5354957479871987,0.7118706334270142,0.0008684086033167836,0.000557054995357964,99.90885661666665,0.0231817387792122,0.497650848389594,0.4981904855732497,0.0021498390455665373,0.5633331752778823,0.00086840878467826,0.000557055058130196,0.0,False
QCE coarse-only,QCE beam,280,7,0.5354957479871987,0.7118706334270142,0.0008684086033167836,0.000557054995357964,99.90885661666665,0.0231817387792122,0.497650848389594,0.4981904855732497,0.0021498390455665373,0.5633331752778823,0.00086840878467826,0.000557055058130196,0.0,False
QCE coarse-only,QCE beam,281,7,0.5354957479871987,0.7118706334270142,0.0008684086033167836,0.000557054995357964,99.90885661666665,0.0231817387792122,0.497650848389594,0.4981904855732497,0.0021498390455665373,0.5633331752778823,0.00086840878467826,0.000557055058130196,0.0,False
QCE coarse-only,QCE beam,282,7,0.5354957479871987,0.7118706334270142,0.0008684086033167836,0.000557054995357964,99.90885661666665,0.0231817387792122,0.497650848389594,0.4981904855732497,0.0021498390455665373,0.5633331752778823,0.00086840878467826,0.000557055058130196,0.0,False
QCE coarse-only,QCE beam,283,7,0.5354957479871987,0.7118706334270142,0.0008684086033167836,0.000557054995357964,99.90885661666665,0.0231817387792122,0.497650848389594,0.4981904855732497,0.0021498390455665373,0.5633331752778823,0.00086840878467826,0.000557055058130196,0.0,False
QCE coarse-only,QCE beam,284,7,0.5354957479871987,0.7118706334270142,0.0008684086033167836,0.000557054995357964,99.90885661666665,0.0231817387792122,0.497650848389594,0.4981904855732497,0.0021498390455665373,0.5633331752778823,0.00086840878467826,0.000557055058130196,0.0,False
QCE coarse-only,QCE beam,285,7,0.5354957479871987,0.7118706334270142,0.0008684086033167836,0.000557054995357964,99.90885661666665,0.0231817387792122,0.497650848389594,0.4981904855732497,0.0021498390455665373,0.5633331752778823,0.00086840878467826,0.000557055058130196,0.0,False
QCE coarse-only,QCE beam,286,7,0.5354957479871987,0.7118706334270142,0.0008684086033167836,0.000557054995357964,99.90885661666665,0.0231817387792122,0.497650848389594,0.4981904855732497,0.0021498390455665373,0.5633331752778823,0.00086840878467826,0.000557055058130196,0.0,False
QCE coarse-only,QCE beam,287,8,0.5354957479871987,0.7118706334270142,0.0008684086033167836,0.000557054995357964,99.90885661666665,0.0231817387792122,0.497650848389594,0.4981904855732497,0.0021498390455665373,0.5633331752778823,0.00086840878467826,0.000557055058130196,0.0,False
QCE coarse-only,QCE beam,288,8,0.5354957479871987,0.7118706334270142,0.0008684086033167836,0.000557054995357964,99.90885661666665,0.0231817387792122,0.497650848389594,0.4981904855732497,0.0021498390455665373,0.5633331752778823,0.00086840878467826,0.000557055058130196,0.0,False
QCE coarse-only,QCE beam,289,8,0.5354957479871987,0.7118706334270142,0.0008684086033167836,0.000557054995357964,99.90885661666665,0.0231817387792122,0.497650848389594,0.4981904855732497,0.0021498390455665373,0.5633331752778823,0.00086840878467826,0.000557055058130196,0.0,False
QCE coarse-only,QCE beam,290,8,0.5354957479871987,0.7118706334270142,0.0008684086033167836,0.000557054995357964,99.90885661666665,0.0231817387792122,0.497650848389594,0.4981904855732497,0.0021498390455665373,0.5633331752778823,0.00086840878467826,0.000557055058130196,0.0,False
QCE coarse-only,QCE beam,291,8,0.5354957479871987,0.7118706334270142,0.0008684086033167836,0.000557054995357964,99.90885661666665,0.0231817387792122,0.497650848389594,0.4981904855732497,0.0021498390455665373,0.5633331752778823,0.00086840878467826,0.000557055058130196,0.0,False
QCE coarse-only,QCE beam,292,8,0.5354957479871987,0.7118706334270142,0.0008684086033167836,0.000557054995357964,99.90885661666665,0.0231817387792122,0.497650848389594,0.4981904855732497,0.0021498390455665373,0.5633331752778823,0.00086840878467826,0.000557055058130196,0.0,False
QCE coarse-only,QCE beam,293,8,0.5354957479871987,0.7118706334270142,0.0008684086033167836,0.000557054995357964,99.90885661666665,0.0231817387792122,0.497650848389594,0.4981904855732497,0.0021498390455665373,0.5633331752778823,0.00086840878467826,0.000557055058130196,0.0,False
QCE coarse-only,QCE beam,294,8,0.5354957479871987,0.7118706334270142,0.0008684086033167836,0.000557054995357964,99.90885661666665,0.0231817387792122,0.497650848389594,0.4981904855732497,0.0021498390455665373,0.5633331752778823,0.00086840878467826,0.000557055058130196,0.0,False
QCE coarse-only,QCE beam,295,8,0.5354957479871987,0.7118706334270142,0.0008684086033167836,0.000557054995357964,99.90885661666665,0.0231817387792122,0.497650848389594,0.4981904855732497,0.0021498390455665373,0.5633331752778823,0.00086840878467826,0.000557055058130196,0.0,False
QCE coarse-only,QCE beam,296,8,0.5354957479871987,0.7118706334270142,0.0008684086033167836,0.000557054995357964,99.90885661666665,0.0231817387792122,0.497650848389594,0.4981904855732497,0.0021498390455665373,0.5633331752778823,0.00086840878467826,0.000557055058130196,0.0,False
QCE coarse-only,QCE beam,297,8,0.5354957479871987,0.7118706334270142,0.0008684086033167836,0.000557054995357964,99.90885661666665,0.0231817387792122,0.497650848389594,0.4981904855732497,0.0021498390455665373,0.5633331752778823,0.00086840878467826,0.000557055058130196,0.0,False
QCE coarse-only,QCE beam,298,8,0.5354957479871987,0.7118706334270142,0.0008684086033167836,0.000557054995357964,99.90885661666665,0.0231817387792122,0.497650848389594,0.4981904855732497,0.0021498390455665373,0.5633331752778823,0.00086840878467826,0.000557055058130196,0.0,False
QCE coarse-only,QCE beam,299,8,0.5354957479871987,0.7118706334270142,0.0008684086033167836,0.000557054995357964,99.90885661666665,0.0231817387792122,0.497650848389594,0.4981904855732497,0.0021498390455665373,0.5633331752778823,0.00086840878467826,0.000557055058130196,0.0,False
QCE coarse-only,QCE beam,300,8,0.5354957479871987,0.7118706334270142,0.0008684086033167836,0.000557054995357964,99.90885661666665,0.0231817387792122,0.497650848389594,0.4981904855732497,0.0021498390455665373,0.5633331752778823,0.00086840878467826,0.000557055058130196,0.0,False
QCE coarse-only,QCE beam,301,8,0.5354957479871987,0.7118706334270142,0.0008684086033167836,0.000557054995357964,99.90885661666665,0.0231817387792122,0.497650848389594,0.4981904855732497,0.0021498390455665373,0.5633331752778823,0.00086840878467826,0.000557055058130196,0.0,False
QCE coarse-only,QCE beam,302,8,0.5354957479871987,0.7118706334270142,0.0008684086033167836,0.000557054995357964,99.90885661666665,0.0231817387792122,0.497650848389594,0.4981904855732497,0.0021498390455665373,0.5633331752778823,0.00086840878467826,0.000557055058130196,0.0,False
QCE coarse-only,QCE beam,303,8,0.5354957479871987,0.7118706334270142,0.0008684086033167836,0.000557054995357964,99.90885661666665,0.0231817387792122,0.497650848389594,0.4981904855732497,0.0021498390455665373,0.5633331752778823,0.00086840878467826,0.000557055058130196,0.0,False
QCE coarse-only,QCE beam,304,8,0.5354957479871987,0.7118706334270142,0.0008684086033167836,0.000557054995357964,99.90885661666665,0.0231817387792122,0.497650848389594,0.4981904855732497,0.0021498390455665373,0.5633331752778823,0.00086840878467826,0.000557055058130196,0.0,False
QCE coarse-only,QCE beam,305,8,0.5354957479871987,0.7118706334270142,0.0008684086033167836,0.000557054995357964,99.90885661666665,0.0231817387792122,0.497650848389594,0.4981904855732497,0.0021498390455665373,0.5633331752778823,0.00086840878467826,0.000557055058130196,0.0,False
QCE coarse-only,QCE beam,306,8,0.5354957479871987,0.7118706334270142,0.0008684086033167836,0.000557054995357964,99.90885661666665,0.0231817387792122,0.497650848389594,0.4981904855732497,0.0021498390455665373,0.5633331752778823,0.00086840878467826,0.000557055058130196,0.0,False
QCE coarse-only,QCE beam,307,7,0.5354957479871987,0.7118706334270142,0.0008684086033167836,0.000557054995357964,99.90885661666665,0.0231817387792122,0.497650848389594,0.4981904855732497,0.0021498390455665373,0.5633331752778823,0.00086840878467826,0.000557055058130196,0.0,False
QCE coarse-only,QCE beam,308,7,0.5354957479871987,0.7118706334270142,0.0008684086033167836,0.000557054995357964,99.90885661666665,0.0231817387792122,0.497650848389594,0.4981904855732497,0.0021498390455665373,0.5633331752778823,0.00086840878467826,0.000557055058130196,0.0,False
QCE coarse-only,QCE beam,309,7,0.5354957479871987,0.7118706334270142,0.0008684086033167836,0.000557054995357964,99.90885661666665,0.0231817387792122,0.497650848389594,0.4981904855732497,0.0021498390455665373,0.5633331752778823,0.00086840878467826,0.000557055058130196,0.0,False
QCE coarse-only,QCE beam,310,7,0.5354957479871987,0.7118706334270142,0.0008684086033167836,0.000557054995357964,99.90885661666665,0.0231817387792122,0.497650848389594,0.4981904855732497,0.0021498390455665373,0.5633331752778823,0.00086840878467826,0.000557055058130196,0.0,False
QCE coarse-only,QCE beam,311,7,0.5354957479871987,0.7118706334270142,0.0008684086033167836,0.000557054995357964,99.90885661666665,0.0231817387792122,0.497650848389594,0.4981904855732497,0.0021498390455665373,0.5633331752778823,0.00086840878467826,0.000557055058130196,0.0,False
QCE coarse-only,QCE beam,312,7,0.5354957479871987,0.7118706334270142,0.0008684086033167836,0.000557054995357964,99.90885661666665,0.0231817387792122,0.497650848389594,0.4981904855732497,0.0021498390455665373,0.5633331752778823,0.00086840878467826,0.000557055058130196,0.0,False
QCE coarse-only,QCE beam,313,7,0.5354957479871987,0.7118706334270142,0.0008684086033167836,0.000557054995357964,99.90885661666665,0.0231817387792122,0.497650848389594,0.4981904855732497,0.0021498390455665373,0.5633331752778823,0.00086840878467826,0.000557055058130196,0.0,False
QCE coarse-only,QCE beam,314,7,0.5354957479871987,0.7118706334270142,0.0008684086033167836,0.000557054995357964,99.90885661666665,0.0231817387792122,0.497650848389594,0.4981904855732497,0.0021498390455665373,0.5633331752778823,0.00086840878467826,0.000557055058130196,0.0,False
QCE coarse-only,QCE beam,315,7,0.5354957479871987,0.7118706334270142,0.0008684086033167836,0.000557054995357964,99.90885661666665,0.0231817387792122,0.497650848389594,0.4981904855732497,0.0021498390455665373,0.5633331752778823,0.00086840878467826,0.000557055058130196,0.0,False
QCE coarse-only,QCE beam,316,7,0.5354957479871987,0.7118706334270142,0.0008684086033167836,0.000557054995357964,99.90885661666665,0.0231817387792122,0.497650848389594,0.4981904855732497,0.0021498390455665373,0.5633331752778823,0.00086840878467826,0.000557055058130196,0.0,False
QCE coarse-only,QCE beam,317,7,0.5354957479871987,0.7118706334270142,0.0008684086033167836,0.000557054995357964,99.90885661666665,0.0231817387792122,0.497650848389594,0.4981904855732497,0.0021498390455665373,0.5633331752778823,0.00086840878467826,0.000557055058130196,0.0,False
QCE coarse-only,QCE beam,318,7,0.5354957479871987,0.7118706334270142,0.0008684086033167836,0.000557054995357964,99.90885661666665,0.0231817387792122,0.497650848389594,0.4981904855732497,0.0021498390455665373,0.5633331752778823,0.00086840878467826,0.000557055058130196,0.0,False
QCE coarse-only,QCE beam,319,7,0.5354957479871987,0.7118706334270142,0.0008684086033167836,0.000557054995357964,99.90885661666665,0.0231817387792122,0.497650848389594,0.4981904855732497,0.0021498390455665373,0.5633331752778823,0.00086840878467826,0.000557055058130196,0.0,False
QCE coarse-only,QCE beam,320,7,0.5354957479871987,0.7118706334270142,0.0008684086033167836,0.000557054995357964,99.90885661666665,0.0231817387792122,0.497650848389594,0.4981904855732497,0.0021498390455665373,0.5633331752778823,0.00086840878467826,0.000557055058130196,0.0,False
QCE coarse-only,QCE beam,321,7,0.5354957479871987,0.7118706334270142,0.0008684086033167836,0.000557054995357964,99.90885661666665,0.0231817387792122,0.497650848389594,0.4981904855732497,0.0021498390455665373,0.5633331752778823,0.00086840878467826,0.000557055058130196,0.0,False
QCE coarse-only,QCE beam,322,7,0.5354957479871987,0.7118706334270142,0.0008684086033167836,0.000557054995357964,99.90885661666665,0.0231817387792122,0.497650848389594,0.4981904855732497,0.0021498390455665373,0.5633331752778823,0.00086840878467826,0.000557055058130196,0.0,False
QCE coarse-only,QCE beam,323,7,0.5354957479871987,0.7118706334270142,0.0008684086033167836,0.000557054995357964,99.90885661666665,0.0231817387792122,0.497650848389594,0.4981904855732497,0.0021498390455665373,0.5633331752778823,0.00086840878467826,0.000557055058130196,0.0,False
QCE coarse-only,QCE beam,324,7,0.5354957479871987,0.7118706334270142,0.0008684086033167836,0.000557054995357964,99.90885661666665,0.0231817387792122,0.497650848389594,0.4981904855732497,0.0021498390455665373,0.5633331752778823,0.00086840878467826,0.000557055058130196,0.0,False
QCE coarse-only,QCE beam,325,7,0.5354957479871987,0.7118706334270142,0.0008684086033167836,0.000557054995357964,99.90885661666665,0.0231817387792122,0.497650848389594,0.4981904855732497,0.0021498390455665373,0.5633331752778823,0.00086840878467826,0.000557055058130196,0.0,False
QCE coarse-only,QCE beam,326,7,0.5354957479871987,0.7118706334270142,0.0008684086033167836,0.000557054995357964,99.90885661666665,0.0231817387792122,0.497650848389594,0.4981904855732497,0.0021498390455665373,0.5633331752778823,0.00086840878467826,0.000557055058130196,0.0,False
QCE coarse-only,QCE beam,327,7,0.5354957479871987,0.7118706334270142,0.0008684086033167836,0.000557054995357964,99.90885661666665,0.0231817387792122,0.497650848389594,0.4981904855732497,0.0021498390455665373,0.5633331752778823,0.00086840878467826,0.000557055058130196,0.0,False
QCE coarse-only,QCE beam,328,7,0.5354957479871987,0.7118706334270142,0.0008684086033167836,0.000557054995357964,99.90885661666665,0.0231817387792122,0.497650848389594,0.4981904855732497,0.0021498390455665373,0.5633331752778823,0.00086840878467826,0.000557055058130196,0.0,False
