iteration,answer_type,qhd_objective,standard_objective,objective_difference,bus_state_l2_distance,branch_flow_l2_distance,combined_l2_distance,max_constraint_residual,l2_constraint_residual,active_load_supplied_percent,log_objective,log_max_constraint_residual,log_l2_constraint_residual,log_active_load_supplied_percent
0,coarse,8.983095661484374,4.87528804329054,4.107807618193833,1.4100950161299934,4.921546232593542,5.119568856268106,2.0,5.605566770453677,121.78571428571429,8.98309566148,2.0,5.605566531184,121.785714
0,refined,2.2804628737316777,4.87528804329054,-2.5948251695588627,0.4778972226011411,1.8433034576046115,1.9042461480037187,0.03429300000000007,0.1983236927022065,85.68633204633204,2.28046226661,0.03429321137275,0.1983236877554,85.686404
1,coarse,6.999540973984375,4.87528804329054,2.1242529306938343,0.9695497153855532,4.36244239812144,4.468884684966905,1.25,4.457300216849787,100.06756756756758,6.99954097398,1.25,4.457299383982,100.067568
1,refined,2.1566755826229618,4.87528804329054,-2.7186124606675786,0.4482236631075211,1.7912604794230944,1.846488168744273,0.028849999999999987,0.20212921274782886,85.16100386100385,2.15667444622,0.02884960452498,0.2021292884271,85.160994
2,coarse,6.999540973984375,4.87528804329054,2.1242529306938343,0.9621859958863873,4.541550741936209,4.642357701886102,1.25,4.532890090668505,100.06756756756758,6.99954097398,1.25,4.532889269226,100.067568
2,refined,2.292978212894454,4.87528804329054,-2.5823098303960865,0.4287613061307743,1.7310677265709653,1.7833764974369652,0.027102999999999988,0.19172765880447043,85.93092664092664,2.29297827942,0.02710223922207,0.1917276213893,85.931005
3,coarse,4.9158487290625,4.87528804329054,0.04056068577195937,1.401083180658828,5.29877473092719,5.48088019648647,5.25,9.549845917092263,98.57142857142857,4.91584872906,5.25,9.549845939181,98.571429
3,refined,2.452083100951211,4.87528804329054,-2.4232049423393294,0.412245666942814,1.6721528804886636,1.7222200050050693,0.025339,0.17980884977581438,86.80401544401545,2.45208366719,0.02533945729761,0.1798087932794,86.803994
4,coarse,7.119423786484375,4.87528804329054,2.2441357431938345,1.0444231758271942,4.777159208354365,4.889996919443801,2.0,4.752923267489754,121.78571428571429,7.11942378648,2.0,4.752922466067,121.785714
4,refined,2.6098588283829005,4.87528804329054,-2.26542921490764,0.3967467355158997,1.615229199894465,1.6632418165541163,0.02366500000000002,0.1680347659784978,87.6669498069498,2.60985916334,0.02366489666958,0.1680347184495,87.666889
5,coarse,5.150452505859374,4.87528804329054,0.2751644625688341,0.9069588449495735,5.09181584647663,5.171959296133601,2.5,6.541253613903504,64.23745173745175,5.15045250586,2.5,6.541253389617,64.237452
5,refined,2.7598693429970402,4.87528804329054,-2.1154187002935,0.3819270240940317,1.560964769197587,1.6070094157811894,0.022094999999999976,0.1568502108677773,88.48664092664093,2.75986923888,0.02209518738902,0.1568502025515,88.486652
6,coarse,5.1208675058593744,4.87528804329054,0.24557946256883412,1.5199118681030535,5.41779460904844,5.626955705586711,3.25,5.879020217435433,100.91698841698842,5.12086750586,3.25,5.879019983958,100.916988
6,refined,2.900490805182526,4.87528804329054,-1.9747972381080143,0.36739841811361607,1.50911172333051,1.5531901979879892,0.020627000000000006,0.146367967825068,89.25455598455599,2.90049133058,0.02062680992719,0.1463679285941,89.254611
7,coarse,6.3673240625,4.87528804329054,1.4920360192094595,0.9224108451558366,4.276797687166971,4.3751388805634335,4.5,6.7632661037809205,128.86100386100387,6.3673240625,4.5,6.763264567994,128.861004
7,refined,3.0350919030187486,4.87528804329054,-1.8401961402717917,0.3532535908491716,1.4594100264398024,1.501554436149705,0.019220000000000015,0.13634549461831796,89.98945945945947,3.03509207353,0.01922010902434,0.1363454677767,89.989374
8,coarse,6.0201058384375,4.87528804329054,1.1448177951469596,1.3763912881299478,5.546200392756771,5.7144371354189705,5.5,10.658560910919126,101.94980694980696,6.02010583844,5.5,10.65856093663,101.949807
8,refined,3.1610843271121114,4.87528804329054,-1.714203716178429,0.339488991266192,1.4122136744567162,1.4524462941924827,0.01790599999999999,0.12696623161968065,90.67706563706565,3.16108218162,0.01790610536269,0.1269663936448,90.676976
9,coarse,3.229165,4.87528804329054,-1.6461230432905403,0.7617659930322515,3.772385999061109,3.848530051078294,2.25,5.178242324262671,104.24710424710425,3.229165,2.25,5.178242480559,104.247104
9,refined,3.277454216445774,4.87528804329054,-1.5978338268447665,0.3249664913218669,1.3652582343008672,1.4034006080974766,0.016678,0.11829701772171276,91.31301158301159,3.27745382631,0.01667767746621,0.1182970555423,91.313104
10,coarse,4.156118125,4.87528804329054,-0.7191699182905404,0.5292188442768208,3.2216049461149274,3.264783455907889,1.5,4.4272853382057855,104.24710424710425,4.156118125,1.5,4.427285890805,104.247104
10,refined,3.3878955323847295,4.87528804329054,-1.4873925109058108,0.3120940534409677,1.3227920409156075,1.3591105480066337,0.015544000000000002,0.1100743973968934,91.91525096525098,3.38789427914,0.01554421797108,0.1100744763162,91.91524
11,coarse,3.3437353125,4.87528804329054,-1.5315527307905406,0.6737825596916092,3.680299323498168,3.7414684347573544,2.5,5.154754004606126,125.96525096525097,3.3437353125,2.5,5.154754462691,125.965251
11,refined,3.492394789784429,4.87528804329054,-1.3828932535061114,0.299772740107696,1.2830309991674278,1.3175857621180658,0.014454000000000002,0.10230385745014221,92.48540540540542,3.49239586411,0.01445507017548,0.1023037737008,92.485337
12,coarse,3.46057125,4.87528804329054,-1.4147167932905402,0.6737825596916092,3.680299323498168,3.7414684347573544,2.5,5.148619796485926,128.3783783783784,3.46057125,2.5,5.14862025043,128.378378
12,refined,3.590383086560252,4.87528804329054,-1.2849049567302884,0.28773908399980114,1.2451747331341718,1.2779882223623191,0.013440999999999998,0.09501862985212912,93.01934362934364,3.59038250227,0.01344049904495,0.09501868731449,93.019386
13,coarse,3.9243212499999998,4.87528804329054,-0.9509667932905406,0.5292188442768208,3.2601746009734147,3.3028489238791803,1.5,4.469191273522478,80.11583011583014,3.92432125,1.5,4.46919181931,80.11583
13,refined,3.6838395378544773,4.87528804329054,-1.191448505436063,0.2768640966627966,1.2098592381055167,1.2411337978035113,0.012362000000000001,0.08809987222238173,93.52698841698843,3.68384073972,0.0123616328955,0.08809979977338,93.527055
14,coarse,4.2729540625,4.87528804329054,-0.6023339807905401,0.5292188442768208,3.2601746009734147,3.3028489238791803,1.5,4.465651758115342,87.35521235521237,4.2729540625,1.5,4.465652305967,87.355212
14,refined,3.7780351139439983,4.87528804329054,-1.097252929346542,0.26923909759722053,1.1782662367122652,1.2086360147914876,0.011452684030249655,0.08123353693887307,94.03073359073359,3.77803239814,0.0114519097403,0.08123373277843,94.030622
15,coarse,4.2729540625,4.87528804329054,-0.6023339807905401,0.773079988496089,3.721841567983961,3.801283641848688,3.25,5.812751393121119,87.35521235521237,4.2729540625,3.25,5.812751835753,87.355212
15,refined,3.8614097747728424,4.87528804329054,-1.013878268517698,0.2619806446666907,1.1480615581409415,1.1775734369715467,0.010611243720569125,0.07514757749431299,94.47652509652512,3.8614091147,0.01061131927112,0.07514764790731,94.476466
16,coarse,4.2729540625,4.87528804329054,-0.6023339807905401,0.8166189690448064,4.178825892248495,4.257869464688911,3.25,6.498606147001063,87.35521235521237,4.2729540625,3.25,6.498606555968,87.355212
16,refined,3.937416189872999,4.87528804329054,-0.9378718534175414,0.25477131839900646,1.119237256608747,1.1478677891028402,0.00984132615692776,0.06959534465304634,94.88370656370655,3.93741424657,0.009840270786241,0.06959546786799,94.883669
17,coarse,4.2729540625,4.87528804329054,-0.6023339807905401,0.773079988496089,3.790737144029446,3.8687647594209755,3.25,6.00979631360486,87.35521235521237,4.2729540625,3.25,6.009796741724,87.355212
17,refined,4.00772898949306,4.87528804329054,-0.8675590537974802,0.24769772922977845,1.0914834591204339,1.1192364837687774,0.009121531688496998,0.06445656105713289,95.26096525096527,4.00772742582,0.009122249874483,0.06445666678502,95.260851
18,coarse,4.2729540625,4.87528804329054,-0.6023339807905401,0.8166189690448064,4.180757088061574,4.259764825665953,3.25,6.382982045895588,87.35521235521237,4.2729540625,3.25,6.38298246227,87.355212
18,refined,4.072719078979226,4.87528804329054,-0.8025689643113143,0.24086092084553876,1.0649624701746994,1.0918603601519559,0.008455547602149616,0.05970407626881712,95.60930501930503,4.07271881327,0.008456048110178,0.05970409452354,95.609427
19,coarse,4.8293036509375,4.87528804329054,-0.045984392353040526,0.6907962364598448,4.911399237865468,4.959742121724937,4.25,6.9230660667957045,117.39382239382238,4.82930365094,4.25,6.923066034513,117.393822
19,refined,4.134533493677104,4.87528804329054,-0.7407545496134365,0.2343313872046057,1.0396762458682618,1.065756958810008,0.007819381957274746,0.05518713972423599,95.9411583011583,4.13453534567,0.007818687109841,0.05518696358118,95.941164
20,coarse,6.976220630859375,4.87528804329054,2.1009325875688347,0.898109638594686,3.9531899745833665,4.053925492418813,2.0,5.379492592818318,121.66988416988417,6.97622063086,2.0,5.37949239245,121.669884
20,refined,4.191705581648458,4.87528804329054,-0.6835824616420823,0.227850547322443,1.01501758661709,1.0402771616531425,0.007241458823233793,0.051005248831743163,96.24833976833978,4.19170507035,0.007242336080383,0.05100528346489,96.248302
21,coarse,7.442222996249999,4.87528804329054,2.5669349529594587,1.2964479954833557,4.962813532404857,5.1293562522419505,4.25,8.411078083636438,88.53281853281852,7.44222299625,4.25,8.411077765805,88.532819
21,refined,4.244646119733862,4.87528804329054,-0.630641923556678,0.22142094364534506,0.9909794723695861,1.0154149639150973,0.006703382573153116,0.04712848553863422,96.53289575289575,4.24464551335,0.006703550381359,0.04712852073426,96.532837
22,coarse,6.300751880859375,4.87528804329054,1.4254638375688344,0.866283859615211,3.762799030261394,3.861230926474861,1.25,4.346851232721303,68.58108108108108,6.30075188086,1.25,4.346851428136,68.581081
22,refined,4.2936830372128165,4.87528804329054,-0.5816050060777238,0.2152609578164708,0.9679842920689772,0.9916304098061653,0.006195438116551086,0.04353566284703179,96.79679536679537,4.29368308105,0.006196291825162,0.04353567394386,96.796886
23,coarse,5.140595630859375,4.87528804329054,0.26530758756883444,0.7997782807320128,3.8376591463471197,3.920111353249083,1.5,4.1991909338568245,83.05984555984557,5.14059563086,1.5,4.199191136143,83.059846
23,refined,4.339875164376932,4.87528804329054,-0.5354128789136086,0.2092950067320594,0.9458539302708849,0.968733222952456,0.00572162309224554,0.04014997547801879,97.04532818532819,4.33987435635,0.005721667872643,0.04014999449952,97.045341
24,coarse,5.140595630859375,4.87528804329054,0.26530758756883444,1.040220428609052,4.678514332992701,4.792760676699154,2.5,6.167944925065388,63.754826254826256,5.14059563086,2.5,6.167945061815,63.754826
24,refined,4.382677119811172,4.87528804329054,-0.4926109234793685,0.20350813428271317,0.9244688412326209,0.9466035068227961,0.005276196414171208,0.03700963261424272,97.27598455598455,4.38267669339,0.005276975944737,0.03700962873911,97.276061
25,coarse,4.1221030259375,4.87528804329054,-0.7531850173530401,0.8238444869167486,3.985512105472846,4.069769831513045,2.5,4.897421929175111,83.12741312741313,4.12210302594,2.5,4.897422038112,83.127413
25,refined,4.42099052005082,4.87528804329054,-0.4542975232397204,0.19774121077776077,0.9032221065963904,0.9246143846405787,0.0048800175773176385,0.0341922919346626,97.48289575289576,4.42099212891,0.004879545355261,0.03419211072716,97.482999
26,coarse,2.7175390625,4.87528804329054,-2.15774898079054,0.8256349775377908,4.236598001518054,4.316298847693542,2.5,5.16493041821521,113.41698841698842,2.7175390625,2.5,5.164930534371,113.416988
26,refined,4.455605268883025,4.87528804329054,-0.4196827744075149,0.19202625987535163,0.8817240092509953,0.9023919951835595,0.0045081115005804195,0.03164141148406227,97.6703861003861,4.45560315545,0.004508561384269,0.03164161092069,97.670355
27,coarse,2.9489453125000002,4.87528804329054,-1.92634273079054,0.8256349775377908,4.203324332557716,4.283644308390415,2.5,5.079600196970698,98.93822393822394,2.9489453125,2.5,5.079600350921,98.938224
27,refined,4.489664166555156,4.87528804329054,-0.38562387673538456,0.1864796132576042,0.8608757965731406,0.8808415199603984,0.0041582919830375625,0.029135373453778715,97.85463320463322,4.48966418351,0.00415749666938,0.02913538311674,97.854612
28,coarse,5.9833530259375,4.87528804329054,1.10806498264696,0.7958663056021252,3.4098175893412734,3.5014652888432165,1.5,3.8023997619119134,44.51737451737452,5.98335302594,1.5,3.80239990071,44.517375
28,refined,4.521581776696564,4.87528804329054,-0.3537062665939761,0.1810537010575495,0.8406468113887613,0.8599229640873234,0.003827898944614508,0.026784006634469157,98.02737451737451,4.52158129427,0.003828321972937,0.02678402994391,98.027422
29,coarse,5.9833530259375,4.87528804329054,1.10806498264696,0.7958663056021252,3.309760278459008,3.404102859382752,1.5,3.7155103958976077,44.51737451737452,5.98335302594,1.5,3.715510537942,44.517375
29,refined,4.551221080700717,4.87528804329054,-0.32406696258982315,0.1758494584329816,0.8212304673065813,0.8398467196243365,0.0035182036714030557,0.024598292368900158,98.18795366795366,4.55122117469,0.003518034024865,0.02459829902543,98.188001
30,coarse,5.9833530259375,4.87528804329054,1.10806498264696,0.778915937156517,3.1807027364474023,3.2746877614209886,1.25,3.6076706987724436,63.82239382239383,5.98335302594,1.25,3.607670834222,63.822394
30,refined,4.5784673507327565,4.87528804329054,-0.29682069255778387,0.1708261174058296,0.8025339907934959,0.8205134787234669,0.003232123420410918,0.022585824335633817,98.33575289575289,4.57846712305,0.003233409647415,0.02258573538897,98.33573
31,coarse,5.0508530259375,4.87528804329054,0.17556498264695986,0.8525157672379838,3.9533506571004815,4.044226075701774,2.5,5.242639500283616,102.43243243243245,5.05085302594,2.5,5.242639653408,102.432432
31,refined,4.604027600915346,4.87528804329054,-0.2712604423751941,0.16581424670997097,0.7842292873486281,0.8015671771893683,0.002971007885698068,0.020694444518456895,98.47482625482627,4.60402661161,0.00297046474164,0.02069451062152,98.474816
32,coarse,5.0508530259375,4.87528804329054,0.17556498264695986,0.7308742482324591,3.480075407960828,3.555995221006784,1.25,4.246759544325442,83.12741312741313,5.05085302594,1.25,4.246759721696,83.127413
32,refined,4.627635297516877,4.87528804329054,-0.2476527457736637,0.1611132498855277,0.7668047595864994,0.7835477130418962,0.0027216660878320448,0.018945119272625977,98.60332046332047,4.62763563557,0.002721631344217,0.0189451304912,98.603368
33,coarse,5.0508530259375,4.87528804329054,0.17556498264695986,0.8413042129210435,3.4799350353226624,3.580187233755357,1.25,4.248026147828205,102.43243243243245,5.05085302594,1.25,4.248026325146,102.432432
33,refined,4.65161815278113,4.87528804329054,-0.22366989050941033,0.15686448092978686,0.7504471183918435,0.7666663830376241,0.0024786250278613225,0.017177991602960296,98.73254826254828,4.65161852787,0.002478480371911,0.01717799360427,98.732485
34,coarse,5.0508530259375,4.87528804329054,0.17556498264695986,0.8413042129210435,3.761557101668818,3.854491484981361,1.25,4.441818228433644,102.43243243243245,5.05085302594,1.25,4.441818398015,102.432432
34,refined,4.67938408500561,4.87528804329054,-0.19590395828493,0.15375168994600116,0.7361916465230313,0.7520756096108576,0.002234020387023805,0.015167066629405257,98.8780308880309,4.67938326177,0.002233974463472,0.01516699557363,98.87803
35,coarse,5.0508530259375,4.87528804329054,0.17556498264695986,0.8413042129210435,3.761557101668818,3.854491484981361,1.25,4.441818228433644,102.43243243243245,5.05085302594,1.25,4.441818398015,102.432432
35,refined,4.70049683040706,4.87528804329054,-0.17479121288348054,0.15087415594810263,0.7221392025937676,0.7377316848663983,0.0020127176465589564,0.013625832896094217,98.99061776061777,4.70049693674,0.002011594831862,0.01362575863362,98.990744
36,coarse,5.0508530259375,4.87528804329054,0.17556498264695986,0.8413042129210435,3.8137636438886275,3.905455915783119,1.25,4.434561858361353,83.12741312741313,5.05085302594,1.25,4.43456202822,83.127413
36,refined,4.7181966515387,4.87528804329054,-0.15709139175184017,0.1480656004841915,0.7083829323349548,0.7236917858247484,0.0018227731924331664,0.012328256568578983,99.08602316602317,4.71819701251,0.001824495031238,0.01232823577937,99.086008
37,coarse,5.0508530259375,4.87528804329054,0.17556498264695986,0.8413042129210435,3.838580746327683,3.929693998870178,1.25,4.44874172023483,102.43243243243245,5.05085302594,1.25,4.448741889552,102.432432
37,refined,4.73352931567387,4.87528804329054,-0.1417587276166703,0.14523859380547732,0.6946814097010211,0.709701705024576,0.0016667317977543672,0.011199734136255307,99.16876447876447,4.73352899148,0.001666179989,0.01119981913571,99.168919
38,coarse,5.054603025937499,4.87528804329054,0.1793149826469591,1.0667841234041582,4.6517744015082325,4.772529041134737,2.5,6.491540910324697,83.12741312741313,5.05460302594,2.5,6.49154103399,83.127413
38,refined,4.74757576013202,4.87528804329054,-0.12771228315852046,0.1426314571727417,0.6816531797061235,0.6964156732718529,0.0015015850346036669,0.010162426420741619,99.24610038610038,4.74757782931,0.001501870725929,0.01016229986261,99.246104
39,coarse,5.9833530259375,4.87528804329054,1.10806498264696,0.789522278761292,3.2345924282143383,3.3295545656021246,1.25,3.803431395301657,83.12741312741313,5.98335302594,1.25,3.803431525541,83.127413
39,refined,4.76014570273699,4.87528804329054,-0.11514234055355033,0.14008810135503108,0.6688796095266292,0.6833919872092101,0.0013676009633444425,0.0092319220146692,99.31436293436293,4.76014508889,0.001367447222816,0.009231913598876,99.31433
40,coarse,5.9833530259375,4.87528804329054,1.10806498264696,1.0409238790525814,4.1274615846217015,4.256696096094923,2.5,5.650171948363485,83.12741312741313,5.98335302594,2.5,5.650172057171,83.127413
40,refined,4.77167897888558,4.87528804329054,-0.1036090644049601,0.13759556671287523,0.6563921034143363,0.6706587309531832,0.0012433934265126678,0.00837634136531877,99.37737451737453,4.7716783521,0.001242294740562,0.008376356256834,99.377532
41,coarse,5.9833530259375,4.87528804329054,1.10806498264696,1.0135756992379914,4.123721607151609,4.246459182822181,2.5,5.525615792123651,63.82239382239383,5.98335302594,2.5,5.525615887636,63.822394
41,refined,4.78217042390446,4.87528804329054,-0.09311761938608054,0.13513979179136784,0.6440946655887145,0.6581190633656286,0.0011320000000000219,0.007596385604819834,99.43528957528957,4.78216849322,0.001132655298769,0.007596525974698,99.435187
42,coarse,5.9833530259375,4.87528804329054,1.10806498264696,0.798542238233232,3.1836493365361096,3.282269459424279,1.25,3.788538579391963,83.12741312741313,5.98335302594,1.25,3.788538708375,83.127413
42,refined,4.7916818660789,4.87528804329054,-0.08360617721164054,0.1327891025099693,0.632208207880363,0.6460032227912671,0.0010329999999999506,0.006887256383332943,99.48752895752897,4.79168026412,0.001033247733013,0.006887336653777,99.487558
43,coarse,5.9833530259375,4.87528804329054,1.10806498264696,1.0409238790525814,4.1274615846217015,4.256696096094923,2.5,5.64777588726703,83.12741312741313,5.98335302594,2.5,5.647776019207,83.127413
43,refined,4.80026852444921,4.87528804329054,-0.07501951884133007,0.13051531545043962,0.6206935164388041,0.634267048581507,0.0009449999999999736,0.006244787767808003,99.53501930501932,4.80026803037,0.0009448436788417,0.006244874003248,99.535028
44,coarse,5.9833530259375,4.87528804329054,1.10806498264696,1.0456442653183797,3.992567155488093,4.127222361428506,2.5,5.461075907293737,83.12741312741313,5.98335302594,2.5,5.461075996774,83.127413
44,refined,4.8086106928058605,4.87528804329054,-0.06667735048467982,0.12829263000456015,0.6093459894207021,0.6227050134185379,0.0008549999999999391,0.005621587072841699,99.58138996138996,4.80861056592,0.0008552579567307,0.005621431238691,99.581293
45,coarse,5.9833530259375,4.87528804329054,1.10806498264696,1.0583312661116908,4.177388967527374,4.309366966835036,2.5,5.591628219385713,63.82239382239383,5.98335302594,2.5,5.591628313771,63.822394
45,refined,4.81585495065416,4.87528804329054,-0.059433092636380636,0.12615772422982555,0.5982424433752265,0.6113998629689165,0.0007789999999999742,0.005075635989744954,99.62177606177606,4.81585416525,0.0007785121662944,0.005075636830651,99.62171
46,coarse,4.38932125,4.87528804329054,-0.48596679329054027,1.0069380162021317,4.46063013628518,4.572870584349466,2.25,5.466916994734603,89.76833976833979,4.38932125,2.25,5.466917192472,89.76834
46,refined,4.82243389600864,4.87528804329054,-0.05285414728190041,0.12402367603470907,0.5873385696339989,0.6002903194262542,0.0007080000000000419,0.004579611749259606,99.65841698841699,4.82243347525,0.0007084851893302,0.004579595013584,99.658469
47,coarse,5.9833530259375,4.87528804329054,1.10806498264696,1.010827935953343,3.8958721461101438,4.024871786149287,2.5,5.284792221630929,83.12741312741313,5.98335302594,2.5,5.284792392801,83.127413
47,refined,4.82861383662469,4.87528804329054,-0.04667420666585009,0.12201918416600369,0.5769005766869617,0.5896634266141034,0.0006420000000000314,0.004112393406658204,99.69308880308881,4.8286118117,0.00064226533277,0.004112481757913,99.69301
48,coarse,5.9833530259375,4.87528804329054,1.10806498264696,1.0456442653183797,3.992567155488093,4.127222361428506,2.5,5.461075907293737,83.12741312741313,5.98335302594,2.5,5.461075996774,83.127413
48,refined,4.834141117871391,4.87528804329054,-0.04114692541914966,0.12002565333629196,0.5665874322776728,0.5791610103190736,0.0005810000000000537,0.003692257833285836,99.72428571428571,4.83414011891,0.0005813035174072,0.003692495851899,99.724237
49,coarse,5.9833530259375,4.87528804329054,1.10806498264696,1.0291020911594815,3.9671466868624314,4.098451408655761,2.5,5.416114429113923,102.43243243243245,5.98335302594,2.5,5.416114596134,102.432432
49,refined,4.83884904985565,4.87528804329054,-0.03643899343489032,0.11814196362781938,0.5564285408207601,0.5688323519366294,0.0005300000000000304,0.003330517540684861,99.75081081081082,4.83884969973,0.0005301459671458,0.003330492284426,99.750816
50,coarse,5.7618036509375,4.87528804329054,0.8865156076469596,0.7946122077029703,3.408573466569805,3.499968805237311,1.25,3.89773300491438,78.78378378378378,5.76180365094,1.25,3.897733237183,78.783784
50,refined,4.84276634531546,4.87528804329054,-0.03252169797508042,0.11626244244972646,0.5464802819960687,0.5587107070165013,0.00048199999999998244,0.0030272867149062385,99.77362934362935,4.84276606281,0.0004812627400277,0.003026941845639,99.77353
51,coarse,5.054603025937499,4.87528804329054,0.1793149826469591,1.033193482199705,4.137239241214296,4.264297985683387,2.5,5.585814620636218,83.12741312741313,5.05460302594,2.5,5.58581474782,83.127413
51,refined,4.8472941446160105,4.87528804329054,-0.027993898674529838,0.11436658046210031,0.5367296240883936,0.5487790120810584,0.00043999999999999595,0.0026827661355008255,99.7991891891892,4.84729376381,0.0004396516009567,0.002682695887289,99.799156
52,coarse,5.9833530259375,4.87528804329054,1.10806498264696,0.9609089066344919,3.937998992383174,4.053539439904389,2.5,5.620568133580259,83.12741312741313,5.98335302594,2.5,5.620568220521,83.127413
52,refined,4.85120913314481,4.87528804329054,-0.024078910145730603,0.11260825630110477,0.5273578958159552,0.5392466686652846,0.0003929999999999767,0.002380718417863161,99.82166023166026,4.85121074143,0.0003929098762669,0.002380335858306,99.821786
53,coarse,5.9833530259375,4.87528804329054,1.10806498264696,1.0456442653183797,3.992567155488093,4.127222361428506,2.5,5.461075907293737,83.12741312741313,5.98335302594,2.5,5.461075996774,83.127413
53,refined,4.85470675778046,4.87528804329054,-0.020581285510080427,0.11067926887801181,0.5175957942292709,0.5292969929663317,0.00035600000000002296,0.0021154839227314833,99.84173745173746,4.85470813339,0.0003553324003507,0.002114925652147,99.841902
54,coarse,4.8231967759375,4.87528804329054,-0.05209126735304004,1.0137500067017051,4.363225184668282,4.4794445066560735,2.5,5.882646033720699,78.30115830115831,4.82319677594,2.5,5.882646187495,78.301158
54,refined,4.85775087119494,4.87528804329054,-0.017537172095599907,0.10861987816615479,0.5076031633078185,0.5190946439069991,0.0003210000000000157,0.0018911738923727314,99.85949806949807,4.85775046653,0.0003210920039101,0.001890762564743,99.859446
55,coarse,5.3848114634375,4.87528804329054,0.5095234201469596,1.2780114154822033,4.433553152641785,4.614077018798314,3.25,6.130719486504589,90.84942084942085,5.38481146344,3.25,6.130719419444,90.849421
55,refined,4.86041076378366,4.87528804329054,-0.014877279506880114,0.10657110373035625,0.49767895170065723,0.5089614318552748,0.0002889999999999837,0.001687096872170008,99.87513513513514,4.8604103284,0.0002891965971391,0.001686935790229,99.875157
56,coarse,5.9833530259375,4.87528804329054,1.10806498264696,0.9609089066344919,3.937998992383174,4.053539439904389,2.5,5.620568133580259,83.12741312741313,5.98335302594,2.5,5.620568220521,83.127413
56,refined,4.8629452023056405,4.87528804329054,-0.012342840984899794,0.10454980912943296,0.4880070961406496,0.49908074344000697,0.000260000000000038,0.0014947836095805763,99.88988416988418,4.86294525564,0.0002606621311777,0.001494465496424,99.88995
57,coarse,5.9833530259375,4.87528804329054,1.10806498264696,1.0456442653183797,3.992567155488093,4.127222361428506,2.5,5.461075907293737,83.12741312741313,5.98335302594,2.5,5.461075996774,83.127413
57,refined,4.86512298715464,4.87528804329054,-0.01016505613590013,0.1025828508791459,0.47867379722909437,0.48954248584593074,0.00024000000000001798,0.0013249514809509193,99.90254826254827,4.8651228155,0.0002405951381513,0.001324848684053,99.902527
58,coarse,5.9833530259375,4.87528804329054,1.10806498264696,1.0456442653183797,3.992567155488093,4.127222361428506,2.5,5.461075907293737,83.12741312741313,5.98335302594,2.5,5.461075996774,83.127413
58,refined,4.86706364594885,4.87528804329054,-0.008224397341690448,0.10067522789013993,0.46946856947185067,0.480141894894288,0.00020900000000001473,0.0011719521004359172,99.91420849420851,4.86706468915,0.0002089484523926,0.001171099887464,99.914176
59,coarse,5.9833530259375,4.87528804329054,1.10806498264696,1.0276643088421882,3.8818247583415637,4.015551940411384,2.5,5.3014862561804375,83.12741312741313,5.98335302594,2.5,5.301486348354,83.127413
59,refined,4.86857204366762,4.87528804329054,-0.0067159996229202434,0.09871765642911184,0.4602249125680312,0.47069326088133895,0.00019100000000005224,0.0010431759159874304,99.92359073359074,4.86857204837,0.000190793207786,0.001042684603422,99.92363
60,coarse,5.9833530259375,4.87528804329054,1.10806498264696,1.0276643088421882,3.8818247583415637,4.015551940411384,2.5,5.3014862561804375,83.12741312741313,5.98335302594,2.5,5.301486348354,83.127413
60,refined,4.87028802732826,4.87528804329054,-0.00500001596228028,0.09677438989614247,0.45117053823545256,0.4614327005224473,0.00017400000000000748,0.0009057941326048228,99.93389961389963,4.87028827082,0.0001734555500159,0.0009054358016379,99.934003
61,coarse,5.054603025937499,4.87528804329054,0.1793149826469591,1.0937793693808207,4.752583876711767,4.876823434784548,4.0,7.174495986285077,83.12741312741313,5.05460302594,4.0,7.174496085306,83.127413
61,refined,4.87156827350313,4.87528804329054,-0.0037197697874100655,0.09497804437545967,0.4424746555169749,0.4525534771585038,0.00015299999999995872,0.0008048108242465918,99.94196911196912,4.87156937502,0.000152953214932,0.0008047531446744,99.942019
62,coarse,5.054603025937499,4.87528804329054,0.1793149826469591,1.096812563602355,4.712020905041247,4.8379891286795695,4.0,7.1180713592490275,83.12741312741313,5.05460302594,4.0,7.118071459055,83.127413
62,refined,4.87292705265712,4.87528804329054,-0.0023609906334201014,0.0932907411655802,0.43412459896287325,0.44403527991804753,0.00013499999999999623,0.0007080247746858366,99.95054054054054,4.87292691378,0.0001355829779179,0.0007078273154425,99.950418
63,coarse,6.304501880859375,4.87528804329054,1.4292138375688346,1.0937793693808207,4.789288223339935,4.912599616812436,4.0,7.193176202452356,87.8861003861004,6.30450188086,4.0,7.193176344306,87.8861
63,refined,4.87403158044229,4.87528804329054,-0.001256462848250095,0.09153089459032154,0.42559326654458696,0.4353246296645716,0.000124000000000013,0.0006261509041731468,99.95687258687259,4.87403193984,0.0001239760573279,0.0006257372117437,99.956883
64,coarse,5.9833530259375,4.87528804329054,1.10806498264696,1.032325338651378,3.958021768486207,4.090431752838858,2.5,5.3762365650284725,83.12741312741313,5.98335302594,2.5,5.376236733287,83.127413
64,refined,4.8749682026423,4.87528804329054,-0.0003198406482400884,0.08976917877997592,0.4171290266320241,0.42667918899075824,0.00010799999999999699,0.0005343773984262142,99.9634749034749,4.87496755355,0.0001082598730828,0.0005339041524518,99.963411
65,coarse,4.6016474009375,4.87528804329054,-0.2736406423530404,1.0509835283820843,4.640753718144618,4.758272948182307,2.5,6.076169814930486,93.26254826254826,4.60164740094,2.5,6.076169931969,93.262548
65,refined,4.87558134186251,4.87528804329054,0.00029329857196991327,0.08809650359953056,0.40901552862169227,0.41839538310089475,0.00010100000000001774,0.0004821168866144074,99.96760617760617,4.87558065764,0.0001012355698268,0.0004816441245922,99.967617
66,coarse,4.8231967759375,4.87528804329054,-0.05209126735304004,1.0170219107180396,4.402738960538012,4.51867723139415,2.5,5.879509223766593,78.30115830115831,4.82319677594,2.5,5.879509377623,78.301158
66,refined,4.876262388947239,4.87528804329054,0.0009743456566990716,0.08640328879556451,0.40097865205938377,0.4101821640710991,8.893323261477404e-05,0.00042268977410387585,99.97235521235523,4.87626343061,8.836413177604e-05,0.000420613676783,99.972318
67,coarse,4.8330536509375,4.87528804329054,-0.042234392353040384,1.0344835537238914,4.291790784033718,4.41470546660159,2.5,5.547720050611821,136.69884169884168,4.83305365094,2.5,5.547720165917,136.698842
67,refined,4.87691626041746,4.87528804329054,0.0016282171269192958,0.08471696083616455,0.3929893514048998,0.4020169073197794,8.300000000005525e-05,0.0003630759176409152,99.97671814671816,4.8769163384,8.310351804175e-05,0.0003621046123205,99.976696
68,coarse,5.054603025937499,4.87528804329054,0.1793149826469591,1.0291020911594815,4.03494511836961,4.164112537178067,2.5,5.411476581461029,83.12741312741313,5.05460302594,2.5,5.411476748624,83.127413
68,refined,4.87759874244723,4.87528804329054,0.0023106991566894663,0.08309185531424337,0.3852391853312588,0.3940983206437895,7.329128954073477e-05,0.0003176302156199917,99.98142857142858,4.87759920636,7.041107799721e-05,0.0003146268768365,99.98135
69,coarse,4.8330536509375,4.87528804329054,-0.042234392353040384,1.042646049233038,4.233515358226114,4.360018700913753,2.5,5.53669494151555,98.08880308880309,4.83305365094,2.5,5.536695105028,98.088803
69,refined,4.878055295734501,4.87528804329054,0.0027672524439603663,0.08150166935175837,0.3775780827254211,0.3862741651492218,6.399999999995298e-05,0.00028219866946424576,99.98459459459461,4.87805573101,6.370799860145e-05,0.0002796964600324,99.984724
70,coarse,5.7618036509375,4.87528804329054,0.8865156076469596,1.0344835537238914,4.298197278146934,4.4209338453312,2.5,5.6098771461804375,136.69884169884168,5.76180365094,2.5,5.609877260208,136.698842
70,refined,4.87847531657339,4.87528804329054,0.00318727328284929,0.07988495823863423,0.36975773631144077,0.3782887655151144,5.8000000000002494e-05,0.00023701900220294,99.98752895752895,4.8784753308,5.827645088941e-05,0.00023611004725,99.987518
71,coarse,4.8330536509375,4.87528804329054,-0.042234392353040384,1.0578579962049859,4.943077806699804,5.055005612580759,2.5,6.549918855052149,78.78378378378378,4.83305365094,2.5,6.549918956814,78.783784
71,refined,4.878863148207071,4.87528804329054,0.003575104916530236,0.07835644020389242,0.362268216696195,0.3706453730315104,5.1999999999996493e-05,0.0002228065274531421,99.99077220077221,4.87886231607,5.180360213763e-05,0.0002205124536315,99.990827
72,coarse,6.0829525058593745,4.87528804329054,1.2076644625688342,1.0578579962049859,4.974951084058413,5.086177526287183,2.5,6.570375044856561,83.54247104247106,6.08295250586,2.5,6.570375193476,83.542471
72,refined,4.87910811292518,4.87528804329054,0.0038200696346395446,0.07692943050354951,0.3550644496149307,0.36330276720382154,5.035152017882072e-05,0.0001963153649400537,99.99308880308881,4.87910844072,4.786360942424e-05,0.0001921552220107,99.993024
73,coarse,6.0829525058593745,4.87528804329054,1.2076644625688342,0.8076856974676789,4.514625816140711,4.586305969476746,2.5,5.854891279817268,102.84749034749035,6.08295250586,2.5,5.85489143895,102.84749
73,refined,4.87933988362637,4.87528804329054,0.004051840335829837,0.07545115953491296,0.34798145561549304,0.3560673685237672,5.099999999999549e-05,0.0001997996488845484,99.99494208494208,4.87934152634,5.054547520761e-05,0.0001955422523943,99.994948
74,coarse,5.9833530259375,4.87528804329054,1.10806498264696,0.9771369835170517,4.1260406467277555,4.240166046631476,2.5,5.521881755767049,83.12741312741313,5.98335302594,2.5,5.521881887244,83.127413
74,refined,4.87948342636286,4.87528804329054,0.004195383072319814,0.07391499472867803,0.3407624552504727,0.3486867897613429,3.599999999992498e-05,0.00017689611097870033,99.99637065637067,4.87948283645,3.594223694314e-05,0.0001776638413622,99.996481
75,coarse,7.233251880859374,4.87528804329054,2.3579638375688337,0.9578719573260724,4.090101974121641,4.200768125634337,2.5,5.400229236451462,87.8861003861004,7.23325188086,2.5,5.400229428286,87.8861
75,refined,4.8797219558378,4.87528804329054,0.004433912547259666,0.07250409268511875,0.3339106880207139,0.34169166075653473,3.700000000000925e-05,0.0001756126691551072,99.99891891891893,4.87972132348,3.657809703439e-05,0.0001746334165223,99.99889
76,coarse,7.233251880859374,4.87528804329054,2.3579638375688337,0.9527167884635707,4.247833746540295,4.353362013118931,2.5,5.483827429029628,87.8861003861004,7.23325188086,2.5,5.483827631509,87.8861
76,refined,4.8798187499127605,4.87528804329054,0.004530706622220215,0.07106874677925985,0.3271307807623539,0.3347615785763979,4.000000000001225e-05,0.00018233005548938807,100.0000386100386,4.87981967543,4.034948077741e-05,0.000176537500376,99.999978
77,coarse,7.233251880859374,4.87528804329054,2.3579638375688337,0.9527167884635707,4.1796603550163205,4.28686715006606,2.5,5.4515557148869505,87.8861003861004,7.23325188086,2.5,5.451555918565,87.8861
77,refined,4.87997750559348,4.87528804329054,0.004689462302939873,0.06972932482943967,0.3205711965034887,0.3280671741714612,3.900000000001125e-05,0.00018101824492151899,100.00166023166021,4.87997824076,3.892154707075e-05,0.0001772962794233,100.001609
78,coarse,7.233251880859374,4.87528804329054,2.3579638375688337,0.9527167884635707,4.227151901425664,4.333183872944575,2.5,5.483827429029628,87.8861003861004,7.23325188086,2.5,5.483827631509,87.8861
78,refined,4.87999865434157,4.87528804329054,0.004710611051029545,0.06834168734942772,0.3139634651018675,0.32131548927578724,3.600000000000825e-05,0.00017178213707563813,100.00247104247104,4.87999927556,3.624050885562e-05,0.0001678461836886,100.002402
79,coarse,7.233251880859374,4.87528804329054,2.3579638375688337,0.9720839865698138,4.298861540355574,4.407398078242282,2.5,5.627562244181023,87.8861003861004,7.23325188086,2.5,5.627562441489,87.8861
79,refined,4.8800971245825,4.87528804329054,0.0048090812919596715,0.06700685267997653,0.30761750718370984,0.3148308260510648,4.413837962791763e-05,0.00017312393334512017,100.00374517374516,4.88009839918,4.31879238597e-05,0.0001730917014409,100.003763
80,coarse,7.233251880859374,4.87528804329054,2.3579638375688337,0.9527167884635707,4.314952282207372,4.418877965812922,2.5,5.601985154228686,107.1911196911197,7.23325188086,2.5,5.601985352438,107.19112
80,refined,4.8801287126508,4.87528804329054,0.0048406693602593975,0.06569976290441706,0.3013009376663958,0.3083807936372594,4.024742647133761e-05,0.000176357431175013,100.00447876447876,4.88012922838,3.959686163015e-05,0.0001740363199658,100.004467
81,coarse,7.233251880859374,4.87528804329054,2.3579638375688337,0.9720839865698138,4.298861540355574,4.407398078242282,2.5,5.627562244181023,87.8861003861004,7.23325188086,2.5,5.627562441489,87.8861
81,refined,4.8800595849732495,4.87528804329054,0.004771541682709213,0.06443392445673361,0.2951141418295684,0.30206636245815044,3.870180916649979e-05,0.00017733636035049247,100.0049034749035,4.88005875185,3.502999360103e-05,0.0001729409074771,100.004825
82,coarse,5.9833530259375,4.87528804329054,1.10806498264696,0.7380355183955964,3.422305264891499,3.500981255664979,1.25,4.048010134773604,83.12741312741313,5.98335302594,1.25,4.048010332503,83.127413
82,refined,4.88008991417297,4.87528804329054,0.004801870882429782,0.06314455479411303,0.28898982587158,0.295807968549586,3.851227051135386e-05,0.00018037362923458455,100.00528957528957,4.8800895842,3.898608924223e-05,0.0001785216811673,100.005371
83,coarse,5.9833530259375,4.87528804329054,1.10806498264696,0.9527167884635707,4.042185110519923,4.152942299951842,2.5,5.462408076584798,63.82239382239383,5.98335302594,2.5,5.462408223115,63.822394
83,refined,4.88008724202405,4.87528804329054,0.0047991987335098685,0.061786727971130995,0.28271248695348883,0.28938546962970535,3.5098093963362165e-05,0.00018180933749107394,100.00579150579152,4.88008755205,3.456029571686e-05,0.0001794758445249,100.005798
84,coarse,4.8231967759375,4.87528804329054,-0.05209126735304004,0.9592860521227317,4.640788494517446,4.7388972958529845,2.5,6.158819605136947,97.60617760617761,4.82319677594,2.5,6.158819735099,97.606178
84,refined,4.88004081952401,4.87528804329054,0.004752776233469369,0.06056499334387612,0.27674279620427333,0.28329259374311877,4.577510505177074e-05,0.00018828124142130487,100.00640926640925,4.88004240408,4.058266309505e-05,0.000183724677305,100.006355
85,coarse,3.8663217759374997,4.87528804329054,-1.0089662673530406,0.9592860521227317,4.664155692411446,4.761783074946958,2.5,6.184137686744953,97.60617760617761,3.86632177594,2.5,6.184137816175,97.606178
85,refined,4.8799222196096,4.87528804329054,0.004634176319060046,0.05937047166899866,0.2708876124900347,0.27731742012854255,4.486588369450196e-05,0.00018810247346673714,100.00621621621622,4.87992157705,4.34657717692e-05,0.0001837785858247,100.006253
86,coarse,3.7524677134375004,4.87528804329054,-1.12282032985304,1.600054168304983,3.816883920664292,4.1386925719767795,2.25,4.633055118733072,76.37065637065638,3.75246771344,2.25,4.63305552282,76.370656
86,refined,4.880124788996911,4.87528804329054,0.004836745706370493,0.05820584019449811,0.26527257230184204,0.27158324220832086,5.576493798599121e-05,0.0002102327659706756,100.00806949806952,4.88012395759,5.051712181578e-05,0.0002072393224668,100.00804
87,coarse,3.8663217759374997,4.87528804329054,-1.0089662673530406,0.9558165299911651,4.602282271516062,4.700487990168191,2.5,6.139571791326517,58.996138996139,3.86632177594,2.5,6.139571921696,58.996139
87,refined,4.88016867714438,4.87528804329054,0.004880633853839633,0.05700855812006197,0.25960100546231946,0.2657868652435174,5.119299938937489e-05,0.00021005692389415857,100.00868725868726,4.8801679159,5.009030579055e-05,0.0002083571038258,100.0087
88,coarse,3.8663217759374997,4.87528804329054,-1.0089662673530406,0.9592860521227317,4.593819722291703,4.692910543651288,2.5,6.063599699306065,78.30115830115831,3.86632177594,2.5,6.063599831309,78.301158
88,refined,4.8801957420854105,4.87528804329054,0.0049076987948701856,0.0558608431469835,0.25406263699459775,0.2601312309464987,5.156581533008464e-05,0.0002224120224926614,100.00926640926642,4.88019525032,5.064442047124e-05,0.0002212994972068,100.009279
89,coarse,3.8663217759374997,4.87528804329054,-1.0089662673530406,0.9558165299911651,4.602282271516062,4.700487990168191,2.5,6.139571791326517,58.996138996139,3.86632177594,2.5,6.139571921696,58.996139
89,refined,4.87993638064281,4.87528804329054,0.004648337352270104,0.05477230706021437,0.24874163405097374,0.25470062059415355,5.6659022360962394e-05,0.00022200749421530185,100.00841698841698,4.87993759844,5.461101778162e-05,0.0002207443334857,100.008289
90,coarse,3.8663217759374997,4.87528804329054,-1.0089662673530406,0.9558165299911651,4.602282271516062,4.700487990168191,2.5,6.139571791326517,58.996138996139,3.86632177594,2.5,6.139571921696,58.996139
90,refined,4.879990000083449,4.87528804329054,0.004701956792908746,0.053620072867300105,0.24332704648159667,0.24916493285322408,5.139852219107621e-05,0.00022218530936551746,100.00907335907337,4.87999105889,5.079882794736e-05,0.0002208561424576,100.009118
91,coarse,3.8663217759374997,4.87528804329054,-1.0089662673530406,0.9558165299911651,4.586038551111361,4.684584808847412,2.5,6.125872396549904,39.691119691119695,3.86632177594,2.5,6.125872527211,39.69112
91,refined,4.87996459178657,4.87528804329054,0.004676548496029831,0.05251003734494432,0.23796021794825642,0.24368497973397774,5.156060602403719e-05,0.000230029741721727,100.00942084942083,4.87996546995,5.219324874643e-05,0.0002298571744147,100.009429
92,coarse,3.8663217759374997,4.87528804329054,-1.0089662673530406,0.9558165299911651,4.558700428003533,4.657825118151598,2.5,6.110764127504119,58.996138996139,3.86632177594,2.5,6.110764258488,58.996139
92,refined,4.88011505741018,4.87528804329054,0.004827014119639372,0.05146644918546355,0.23287423482484979,0.23849361550578074,5.52644663645227e-05,0.00024393048135099295,100.01061776061778,4.88011729363,5.628782022986e-05,0.0002414785432498,100.010574
93,coarse,3.8663217759374997,4.87528804329054,-1.0089662673530406,0.9558165299911651,4.640231631317514,4.737650771351129,2.5,6.217017984436917,78.30115830115831,3.86632177594,2.5,6.217018113182,78.301158
93,refined,4.87994184738203,4.87528804329054,0.004653804091489633,0.05036826837148361,0.22770250061449504,0.2332067564305029,5.997991900708673e-05,0.00022639103032372202,100.01023166023164,4.8799417431,5.221841886152e-05,0.0002239968588961,100.010185
94,coarse,4.097728025937499,4.87528804329054,-0.777560017353041,1.0808951622385385,4.8589538188461106,4.977727048104373,4.0,7.332325771288075,83.12741312741313,4.09772802594,4.0,7.33232588045,83.127413
94,refined,4.879795631197609,4.87528804329054,0.004507587907069066,0.049313972146310864,0.2227151354608448,0.22810940228800208,4.773224363707751e-05,0.00021808411378857818,100.00980694980697,4.87979329366,4.809122693038e-05,0.0002170208187607,100.009662
95,coarse,4.097728025937499,4.87528804329054,-0.777560017353041,1.0808951622385385,4.781153857980226,4.901812579590317,4.0,7.242453094047236,63.82239382239383,4.09772802594,4.0,7.242453204564,63.822394
95,refined,4.87983060459446,4.87528804329054,0.004542561303919612,0.04829322018972128,0.21777417935978466,0.22306462810611766,5.213127384756655e-05,0.0002327161288662189,100.01034749034748,4.87983163373,5.346935582211e-05,0.0002291371926933,100.010353
96,coarse,3.8663217759374997,4.87528804329054,-1.0089662673530406,0.9558165299911651,4.602282271516062,4.700487990168191,2.5,6.139571791326517,58.996138996139,3.86632177594,2.5,6.139571921696,58.996139
96,refined,4.87984346409105,4.87528804329054,0.004555420800509857,0.04725046449277172,0.21285785350019681,0.218039152886572,5.6014624426436836e-05,0.00023904130971071484,100.01084942084942,4.87984300768,5.557774304167e-05,0.0002372394978365,100.010841
97,coarse,3.8663217759374997,4.87528804329054,-1.0089662673530406,0.9558165299911651,4.602282271516062,4.700487990168191,2.5,6.139571791326517,58.996138996139,3.86632177594,2.5,6.139571921696,58.996139
97,refined,4.87963164225548,4.87528804329054,0.00434359896493941,0.04623920853509857,0.2080009462097018,0.21307852550194634,5.625739399614006e-05,0.0002227804104087124,100.01011583011582,4.87963242764,5.178875429381e-05,0.0002207611541929,100.010171
98,coarse,5.0264780259375,4.87528804329054,0.15118998264695982,1.032325338651378,4.1673196550436336,4.2932794821831335,2.5,5.6437029051082055,102.43243243243245,5.02647802594,2.5,5.643703065393,102.432432
98,refined,4.87964648348309,4.87528804329054,0.004358440192549828,0.04525846707119476,0.20330053448860375,0.20827730592886587,5.536535527140684e-05,0.00023287527907905873,100.01065637065638,4.87964683511,5.401585462894e-05,0.0002316013166557,100.010644
99,coarse,4.097728025937499,4.87528804329054,-0.777560017353041,0.7609426472375451,3.1782129688665477,3.268037849820041,1.25,3.5367944832676983,83.12741312741313,4.09772802594,1.25,3.536794739036,83.127413
99,refined,4.879569332411901,4.87528804329054,0.004281289121360388,0.04428260531104138,0.19863748219117866,0.20351363213402757,5.2285068538426675e-05,0.00023255041280779775,100.01061776061776,4.87956886236,5.235023301843e-05,0.0002320097879391,100.010519
100,coarse,6.276376880859374,4.87528804329054,1.4010888375688335,1.032325338651378,4.252284763210276,4.375799505490621,2.5,5.698480259007144,107.1911196911197,6.27637688086,2.5,5.698480472143,107.19112
100,refined,4.87964836836861,4.87528804329054,0.0043603250780694935,0.043301172000007035,0.19405375088444843,0.19882617968692595,5.611276869073312e-05,0.0002442754167721853,100.01127413127413,4.87964807434,5.629638094024e-05,0.0002427700031296,100.011321
101,coarse,4.097728025937499,4.87528804329054,-0.777560017353041,1.096812563602355,4.87875399648666,5.000523808353533,4.0,7.276455765106573,83.12741312741313,4.09772802594,4.0,7.276455889425,83.127413
101,refined,4.87969482306806,4.87528804329054,0.004406779777519354,0.04232962392567706,0.1894519609228363,0.19412326640358474,5.975538669238632e-05,0.0002454227915776297,100.01181467181468,4.87969505269,5.449858773444e-05,0.0002434817043739,100.011769
102,coarse,6.276376880859374,4.87528804329054,1.4010888375688335,1.032325338651378,4.252284763210276,4.375799505490621,2.5,5.698480259007144,107.1911196911197,6.27637688086,2.5,5.698480472143,107.19112
102,refined,4.87970928258974,4.87528804329054,0.004421239299199797,0.04139800095010978,0.18501126033033405,0.18958628888103676,6.230476803936562e-05,0.00025823454722655507,100.01212355212357,4.87970758481,5.960660856127e-05,0.0002559426907407,100.012102
103,coarse,5.116220630859375,4.87528804329054,0.2409325875688344,1.0170219107180396,4.629789986941479,4.740178149612539,2.5,6.146908394684299,102.36486486486487,5.11622063086,2.5,6.146908592272,102.364865
103,refined,4.8797366871085,4.87528804329054,0.004448643817959841,0.04055412929293696,0.18062227322303503,0.18511899682897207,6.788885674314724e-05,0.0002778116132228118,100.01277992277993,4.87973641693,6.454833917093e-05,0.0002746213654251,100.012718
104,coarse,4.097728025937499,4.87528804329054,-0.777560017353041,1.096812563602355,4.87875399648666,5.000523808353533,4.0,7.276455765106573,83.12741312741313,4.09772802594,4.0,7.276455889425,83.127413
104,refined,4.87956078890501,4.87528804329054,0.004272745614469997,0.03962805336405662,0.1762744037419595,0.18067387201255158,6.463383516312152e-05,0.0002581171246978346,100.01204633204634,4.87956177975,5.866682951686e-05,0.0002568245129587,100.01214
105,coarse,3.5248114634375,4.87528804329054,-1.3504765798530403,1.1720211501931312,4.298546681718154,4.4554614970180335,4.25,6.53241724872655,71.54440154440155,3.52481146344,4.25,6.532417825926,71.544402
105,refined,4.88849397355073,4.87528804329054,0.013205930260189902,0.03441029608036127,0.16625022590049457,0.16977398531077606,0.00251195893,0.0046368693707954205,100.04555984555985,4.8884933787,0.002512013813348,0.004638097045359,100.045642
106,coarse,6.073095630859374,4.87528804329054,1.1978075875688337,0.9627701340669518,4.61037890665655,4.709832268138106,2.5,6.15446910841505,63.754826254826256,6.07309563086,2.5,6.154469276452,63.754826
106,refined,4.88260210109978,4.87528804329054,0.007314057809240104,0.03580101385281838,0.16310058449978196,0.16698357181788934,0.00018799999999999373,0.0009813887536749626,100.02637065637064,4.88260266588,0.0001872020659873,0.0009814432731745,100.026245
107,coarse,4.8231967759375,4.87528804329054,-0.05209126735304004,0.9627701340669518,4.575966955437703,4.676152254611595,2.5,6.132625765863179,58.996138996139,4.82319677594,2.5,6.132625883957,58.996139
107,refined,4.88052770332169,4.87528804329054,0.005239660031149285,0.03539271763324874,0.15934521875397653,0.1632284999662115,6.58335308512531e-05,0.00036944848580625723,100.0173359073359,4.88052794735,6.555059468612e-05,0.0003692254625569,100.017426
108,coarse,6.304501880859375,4.87528804329054,1.4292138375688346,1.0870489610857559,4.830453010261381,4.951257590566346,4.0,7.280430170355292,68.58108108108108,6.30450188086,4.0,7.280430283285,68.581081
108,refined,4.8800208977387,4.87528804329054,0.004732854448159962,0.03474751028842931,0.15566486029749219,0.1594958877296912,7.52318271909358e-05,0.00030086029605790233,100.01559845559848,4.88002088707,7.663157640242e-05,0.0003005207229767,100.015527
109,coarse,6.073095630859374,4.87528804329054,1.1978075875688337,0.9627701340669518,4.719446694358869,4.816648568449451,2.5,6.229560563335311,63.754826254826256,6.07309563086,2.5,6.229560713761,63.754826
109,refined,4.87973986391085,4.87528804329054,0.00445182062030991,0.0339591406827073,0.1516795545901734,0.15543458597294652,6.822403430660484e-05,0.0002882861317835638,100.014555984556,4.8797403511,6.81570700015e-05,0.0002869672100091,100.014515
110,coarse,4.8231967759375,4.87528804329054,-0.05209126735304004,0.9627701340669518,4.743753029864754,4.8404668307305165,2.5,6.2582034361575225,58.996138996139,4.82319677594,2.5,6.258203536368,58.996139
110,refined,4.87962365259849,4.87528804329054,0.004335609307950072,0.03316865711222314,0.14770022230068844,0.15137871542030276,6.933100731619513e-05,0.0002991310264760731,100.0142084942085,4.87962435895,6.834629485909e-05,0.0002973900002284,100.014242
111,coarse,6.073095630859374,4.87528804329054,1.1978075875688337,0.9627701340669518,4.6250413010803575,4.724186000545531,2.5,5.9107918188219895,83.05984555984557,6.07309563086,2.5,5.91079197736,83.059846
111,refined,4.8795815524348995,4.87528804329054,0.00429350914435922,0.03241532116044203,0.14392747353418012,0.14753260888314396,7.663108082719451e-05,0.0003152976899037065,100.01428571428573,4.87958124889,7.130917587951e-05,0.0003141195058227,100.014401
112,coarse,6.073095630859374,4.87528804329054,1.1978075875688337,0.9627701340669518,4.6250413010803575,4.724186000545531,2.5,5.9107918188219895,83.05984555984557,6.07309563086,2.5,5.91079197736,83.059846
112,refined,4.8794739748606695,4.87528804329054,0.004185931570129142,0.03170837034737304,0.1403938386972585,0.14393002012866532,6.691427507862086e-05,0.0003131281560034294,100.01393822393823,4.87947294212,6.627144990273e-05,0.0003109906270797,100.01393
113,coarse,7.304031568359374,4.87528804329054,2.4287435250688336,0.839152192546772,3.9511016414076296,4.039230196830842,2.5,4.859127855290877,69.54633204633205,7.30403156836,2.5,4.859128291916,69.546332
113,refined,4.87937096933854,4.87528804329054,0.0040829260479995355,0.030953333455371896,0.13660730901094187,0.14007021713130313,6.851146189964206e-05,0.00030282658425214115,100.01370656370658,4.87937274231,6.287689157343e-05,0.0003004470257246,100.013661
114,coarse,6.073095630859374,4.87528804329054,1.1978075875688337,0.9627701340669518,4.6250413010803575,4.724186000545531,2.5,5.9107918188219895,83.05984555984557,6.07309563086,2.5,5.91079197736,83.059846
114,refined,4.8792946839276805,4.87528804329054,0.00400664063714018,0.03008857579815671,0.132721724605694,0.13608959760345793,6.759156141276576e-05,0.0002914252610873496,100.01347490347493,4.87929554622,6.676373669627e-05,0.000289311492151,100.013441
115,coarse,3.5248114634375,4.87528804329054,-1.3504765798530403,1.1720211501931312,4.298546681718154,4.4554614970180335,4.25,6.533272901001469,71.54440154440155,3.52481146344,4.25,6.533273478125,71.544402
115,refined,4.87940896161762,4.87528804329054,0.004120918327079615,0.029398507088024,0.12908906420919872,0.13239433038242696,7.581113289543279e-05,0.00031212212926866697,100.01482625482627,4.87940967516,6.992529862685e-05,0.0003083336418196,100.0148
116,coarse,8.260906568359374,4.87528804329054,3.3856185250688338,0.9923698424682023,4.809917609061268,4.911222384518749,4.25,7.26096730167429,127.46138996138994,8.26090656836,4.25,7.260967259115,127.46139
116,refined,4.87942517508417,4.87528804329054,0.0041371317936294005,0.028648304563171533,0.12552125293943592,0.12874902055483797,7.152309091269793e-05,0.0003133671335509035,100.0146332046332,4.87942583255,7.078723883882e-05,0.0003124279600108,100.014736
117,coarse,6.073095630859374,4.87528804329054,1.1978075875688337,0.9627701340669518,4.573790484039457,4.674022435006189,2.5,5.88442930301477,83.05984555984557,6.07309563086,2.5,5.884429462264,83.059846
117,refined,4.87906910350874,4.87528804329054,0.0037810602181993502,0.027928610733753106,0.12218466305925851,0.12533594530070788,6.406181732615535e-05,0.00028360314504281923,100.01281853281854,4.87906749799,6.506606029265e-05,0.0002813256781201,100.012774
118,coarse,6.073095630859374,4.87528804329054,1.1978075875688337,0.9627701340669518,4.573790484039457,4.674022435006189,2.5,5.886305670962412,83.05984555984557,6.07309563086,2.5,5.886305810638,83.059846
118,refined,4.87952423195466,4.87528804329054,0.004236188664119567,0.02708295767797324,0.1184375139921812,0.12149457320076072,7.437333836214817e-05,0.0003196170483985119,100.015444015444,4.87952411295,7.280180934562e-05,0.0003164591873869,100.015554
119,coarse,4.8231967759375,4.87528804329054,-0.05209126735304004,0.9627701340669518,4.64984115257234,4.748468076675525,2.5,5.94158516237902,78.30115830115831,4.82319677594,2.5,5.941585283264,78.301158
119,refined,4.879296635577321,4.87528804329054,0.004008592286780299,0.026320028890686003,0.11492608453768051,0.11790143692071202,6.500000000003725e-05,0.0003061794534684528,100.01467181467183,4.87929831099,6.520168080487e-05,0.0003050229610737,100.014719
120,coarse,4.8231967759375,4.87528804329054,-0.05209126735304004,0.9627701340669518,4.568481448375955,4.668827376890965,2.5,5.84077799567453,58.996138996139,4.82319677594,2.5,5.840778083372,58.996139
120,refined,4.87943101864454,4.87528804329054,0.0041429753540001,0.02563106051658622,0.11159632552407714,0.11450192633174647,7.403274077212585e-05,0.0003238321306442099,100.015444015444,4.87943122152,7.388704837011e-05,0.0003245780657497,100.015458
121,coarse,4.8231967759375,4.87528804329054,-0.05209126735304004,0.9627701340669518,4.606097012651102,4.705640872506603,2.5,5.998388199880573,58.996138996139,4.82319677594,2.5,5.998388304431,58.996139
121,refined,4.8793170422850505,4.87528804329054,0.004028998994510147,0.024956407480297545,0.10820926021064187,0.11104983687361748,7.814851452896815e-05,0.0003320632647474314,100.01517374517375,4.87931626826,7.531564505431e-05,0.0003309217711846,100.015126
122,coarse,4.8231967759375,4.87528804329054,-0.05209126735304004,0.9627701340669518,4.523950672802855,4.625262805614909,2.5,5.863463415908558,78.30115830115831,4.82319677594,2.5,5.863463503267,78.301158
122,refined,4.879426164852809,4.87528804329054,0.004138121562268893,0.02427564808052555,0.10489838288849589,0.10767069156623361,7.66991038658009e-05,0.0003377474624592565,100.01586872586871,4.87942605484,7.572568978858e-05,0.0003364983221764,100.01582
123,coarse,4.8231967759375,4.87528804329054,-0.05209126735304004,0.9627701340669518,4.539101156198665,4.6400825032810955,2.5,5.863463415908558,78.30115830115831,4.82319677594,2.5,5.863463503267,78.301158
123,refined,4.87938251611515,4.87528804329054,0.0040944728246099515,0.023672872072994854,0.10174470989477165,0.1044623897091945,7.600834143538238e-05,0.000349438722656775,100.0157528957529,4.87938243041,7.693586484529e-05,0.0003483122830079,100.015764
124,coarse,4.8231967759375,4.87528804329054,-0.05209126735304004,0.9627701340669518,4.635052656432785,4.73398769104398,2.5,5.942830267755388,78.30115830115831,4.82319677594,2.5,5.942830353947,78.301158
124,refined,4.87946642183201,4.87528804329054,0.0041783785414697405,0.022982569771691937,0.09849931048980294,0.10114500818269427,7.747673929055232e-05,0.00034944700278581836,100.01629343629344,4.87946658026,7.745898836173e-05,0.0003494889880816,100.016309
125,coarse,4.8231967759375,4.87528804329054,-0.05209126735304004,0.9627701340669518,4.606097012651102,4.705640872506603,2.5,6.000228931156865,58.996138996139,4.82319677594,2.5,6.000229016524,58.996139
125,refined,4.87952158775939,4.87528804329054,0.004233544468849715,0.022372747681326646,0.0954443530863519,0.09803144584715924,8.270336930145394e-05,0.0003621048345788238,100.01694980694981,4.87952029608,8.264507772585e-05,0.0003616820237078,100.016865
126,coarse,4.8231967759375,4.87528804329054,-0.05209126735304004,0.9627701340669518,4.64984115257234,4.748468076675525,2.5,5.942830267755388,78.30115830115831,4.82319677594,2.5,5.942830353947,78.301158
126,refined,4.87975867263093,4.87528804329054,0.004470629340389998,0.021611537622260556,0.09215350847119376,0.09465372513508787,8.966314427850952e-05,0.0003780407331276441,100.01810810810811,4.87975946846,8.887525546752e-05,0.0003765588048927,100.01825
127,coarse,4.8231967759375,4.87528804329054,-0.05209126735304004,0.9627701340669518,4.64984115257234,4.748468076675525,2.5,5.942830267755388,78.30115830115831,4.82319677594,2.5,5.942830353947,78.301158
127,refined,4.8793859983245,4.87528804329054,0.004097955033959266,0.020948265076786557,0.08899526384287694,0.09142749474961345,7.591004616075425e-05,0.000336969563480187,100.0165250965251,4.87938680096,7.652516098863e-05,0.0003365318674696,100.016557
128,coarse,4.8231967759375,4.87528804329054,-0.05209126735304004,0.9627701340669518,4.64984115257234,4.748468076675525,2.5,5.942830267755388,78.30115830115831,4.82319677594,2.5,5.942830353947,78.301158
128,refined,4.87914933976001,4.87528804329054,0.003861296469469977,0.02017997502521705,0.08556391859451525,0.08791140743536766,7.449714076795955e-05,0.00033102027420596415,100.015444015444,4.87914821324,7.819003057218e-05,0.0003300353580262,100.015564
129,coarse,4.8231967759375,4.87528804329054,-0.05209126735304004,0.9627701340669518,4.64984115257234,4.748468076675525,2.5,5.942830267755388,78.30115830115831,4.82319677594,2.5,5.942830353947,78.301158
129,refined,4.8792327125774495,4.87528804329054,0.003944669286909175,0.019463634008515026,0.08246456706133676,0.084730383390087,8.408356608745338e-05,0.00034236236143303565,100.0157915057915,4.87923290941,8.389780227187e-05,0.0003421647747164,100.015783
130,coarse,4.8231967759375,4.87528804329054,-0.05209126735304004,0.9627701340669518,4.64984115257234,4.748468076675525,2.5,5.942830267755388,78.30115830115831,4.82319677594,2.5,5.942830353947,78.301158
130,refined,4.87924737017125,4.87528804329054,0.003959326880710101,0.01881371292503009,0.07947065559844146,0.08166725717979967,7.724918063561903e-05,0.0003421144630892259,100.01633204633205,4.87924749271,7.74871691179e-05,0.0003383151571284,100.016261
131,coarse,4.927976303359374,4.87528804329054,0.05268826006883387,0.2823176490204077,2.0787704612105906,2.0978536377331243,0.4736372491090002,1.7165379813543094,90.77830115830116,4.92797630336,0.4736360164573,1.716540717827,90.778227
131,refined,4.88118752536938,4.87528804329054,0.005899482078839391,0.01828831505474188,0.07680738149647681,0.07895464723426245,0.00013837616909083764,0.0005768939489276601,100.02575289575289,4.8811881121,0.0001350592180637,0.0005753010757598,100.025634
132,coarse,4.927976303359374,4.87528804329054,0.05268826006883387,0.2823176490204077,2.0787704612105906,2.0978536377331243,0.4736372491090002,1.7165379813543094,90.77830115830116,4.92797630336,0.4736360164573,1.716540717827,90.778227
132,refined,4.8819837806009,4.87528804329054,0.006695737310359995,0.017723587809900264,0.07403943563637795,0.07613122614412958,0.00015433399483964945,0.0006467168856223781,100.02972972972974,4.88198384523,0.0001485670733128,0.0006458046853619,100.029788
133,coarse,4.927976303359374,4.87528804329054,0.05268826006883387,0.2735571347741622,2.032841596802576,2.0511651478310315,0.4736372491090002,1.6658714206914447,90.77830115830118,4.92797630336,0.4736360164573,1.665874222217,90.778227
133,refined,4.8818367571113805,4.87528804329054,0.006548713820840213,0.017082406084278544,0.07113968278766591,0.07316189626272632,0.0001379199882984572,0.0006114550559770474,100.0292277992278,4.88183722375,0.000138777535169,0.0006098631584619,100.02926
134,coarse,4.927976303359374,4.87528804329054,0.05268826006883387,0.28573980904291646,2.136370279759948,2.1553944443450437,0.6290137491090002,1.7964942237108303,90.77830115830116,4.92797630336,0.6290124454947,1.796496812983,90.778227
134,refined,4.881824634017691,4.87528804329054,0.006536590727150404,0.016503479808735292,0.06835038247557412,0.07031457622964532,0.00014341535326908156,0.0006155524934776808,100.02938223938224,4.88182469415,0.000141891102754,0.0006153344048584,100.029388
135,coarse,4.927976303359374,4.87528804329054,0.05268826006883387,0.2823176490204077,2.0787704612105906,2.0978536377331243,0.4736372491090002,1.718015548609312,90.77830115830116,4.92797630336,0.4736360164573,1.718018283145,90.778227
135,refined,4.88181158836829,4.87528804329054,0.0065235450777496595,0.015911314117943217,0.06554211702159796,0.06744582285533107,0.0001419806387991697,0.0006133963472239573,100.02930501930503,4.88181113763,0.0001400750524945,0.0006130721221829,100.029463
136,coarse,4.927976303359374,4.87528804329054,0.05268826006883387,0.2823176490204077,2.121068459863115,2.1397744428734766,0.48304307142991254,1.750266867757682,81.1257915057915,4.92797630336,0.4830443355625,1.750269685142,81.125718
136,refined,4.881867251644369,4.87528804329054,0.006579208353828747,0.015346797742014319,0.06283828608595475,0.06468519459006512,0.00014905567934983543,0.0006240930096081908,100.0299613899614,4.88186778531,0.0001439101135348,0.0006247721105687,100.029882
137,coarse,3.9748242187500002,4.87528804329054,-0.9004638245405401,0.7262070925830182,2.347652225828729,2.45740670519889,0.8623892255050003,2.1474723968381126,91.20301158301159,3.97482421875,0.8623881359632,2.147470885983,91.202938
137,refined,4.88196435286786,4.87528804329054,0.0066763095773199055,0.014801441387182333,0.060202838135596494,0.06199568038758044,0.00014598147832918518,0.0006379075159995447,100.03034749034751,4.88196573999,0.0001460761787745,0.0006372297176842,100.030467
138,coarse,4.927976303359374,4.87528804329054,0.05268826006883387,0.2770875123662584,2.1337481295961687,2.1516641396984957,0.6290137491090002,1.777801261945479,81.1257915057915,4.92797630336,0.6290124454947,1.777803994247,81.125718
138,refined,4.881292384579341,4.87528804329054,0.006004341288800674,0.014225152046075808,0.05748824032957347,0.059222062839154564,0.00012688204745173182,0.0005655480136538582,100.02745173745174,4.88129194447,0.0001288276129915,0.000565442843063,100.027392
139,coarse,3.9748242187500002,4.87528804329054,-0.9004638245405401,0.7262070925830182,2.241983890196563,2.3566646993619598,0.8623892255050003,2.004167984046868,91.20301158301159,3.97482421875,0.8623881359632,2.004166737081,91.202938
139,refined,4.88115083252972,4.87528804329054,0.005862789239179378,0.013722874075520542,0.05493191880642758,0.05662007573863308,0.00012710436324058286,0.0005560214012710107,100.02675675675677,4.88114979071,0.0001264529210643,0.0005541247171598,100.026779
140,coarse,3.9748242187500002,4.87528804329054,-0.9004638245405401,0.7262070925830182,2.241983890196563,2.3566646993619598,0.8623892255050003,2.004167984046868,91.20301158301159,3.97482421875,0.8623881359632,2.004166737081,91.202938
140,refined,4.8810977532342505,4.87528804329054,0.005809709943710217,0.013150372526345325,0.05233948938619365,0.053966234321000534,0.0001274675475168574,0.0005512937209127695,100.02648648648649,4.8810973163,0.0001266507446244,0.0005503436755536,100.026553
141,coarse,3.9748242187500002,4.87528804329054,-0.9004638245405401,0.7262070925830182,2.241983890196563,2.3566646993619598,0.8623892255050003,2.004167984046868,91.20301158301159,3.97482421875,0.8623881359632,2.004166737081,91.202938
141,refined,4.88118874349331,4.87528804329054,0.005900700202770004,0.01263848652099851,0.049869131555163954,0.05144571530854353,0.0001288194239758185,0.0005596151314426421,100.0272200772201,4.88118785091,0.0001275364756287,0.0005589640933084,100.027154
142,coarse,4.383212890625,4.87528804329054,-0.49207515266554047,0.7262070925830182,2.224007703201793,2.339569833370826,0.8623892255050003,1.9492160532195015,89.99644787644789,4.38321289062,0.8623881359632,1.949214933391,89.996374
142,refined,4.88115091732355,4.87528804329054,0.0058628740330100015,0.012116479391084038,0.04738451998353052,0.048909117829952393,0.00013493918149927106,0.000568697346704138,100.02706563706565,4.88115054599,0.0001298577827031,0.0005656989842446,100.027054
143,coarse,4.383212890625,4.87528804329054,-0.49207515266554047,0.7262070925830182,2.195979690444297,2.312942615406122,0.8623892255050003,2.01046669233078,89.99644787644789,4.38321289062,0.8623881359632,2.010465522002,89.996374
143,refined,4.88116521539353,4.87528804329054,0.005877172102989547,0.01161452120886637,0.044982371588130024,0.04645762431080407,0.00013519234962369384,0.0005688153459363699,100.02714285714288,4.88116481343,0.0001298487950464,0.0005694262154917,100.027222
144,coarse,4.383212890625,4.87528804329054,-0.49207515266554047,0.7262070925830182,2.195979690444297,2.312942615406122,0.8623892255050003,2.01046669233078,89.99644787644789,4.38321289062,0.8623881359632,2.010465522002,89.996374
144,refined,4.88127991465181,4.87528804329054,0.005991871361270107,0.011130859014251973,0.04265031220643509,0.04407885154698952,0.00013444190833485428,0.0005824669614975575,100.02791505791505,4.88127841918,0.0001321180532464,0.0005796903964812,100.027898
145,coarse,4.383212890625,4.87528804329054,-0.49207515266554047,0.7262070925830182,2.2508326783308408,2.3650844566653144,0.8623892255050003,2.045899672777458,89.99644787644789,4.38321289062,0.8623881359632,2.045898573845,89.996374
145,refined,4.8806144391999,4.87528804329054,0.0053263959093596824,0.010565161300392787,0.04017177307738048,0.0415378620716554,0.00012270911451210675,0.0005078834023689999,100.02478764478764,4.88061221567,0.0001159147439096,0.0005071600676534,100.024802
146,coarse,4.449538803359374,4.87528804329054,-0.4257492399311662,0.3289227797494534,2.352650233565192,2.3755322175319913,0.6290137491090002,1.9897267141825015,81.1257915057915,4.44953880336,0.6290124454947,1.989725873084,81.125718
146,refined,4.88032448094901,4.87528804329054,0.00503643765846995,0.010079053387340418,0.03782130443725657,0.03914126194338274,0.00011080850502363793,0.0004917708294551398,100.02339768339768,4.88032363421,0.0001123507938736,0.0004901707496114,100.023338
147,coarse,4.449538803359374,4.87528804329054,-0.4257492399311662,0.3134225463533918,2.271160522090249,2.292684847436275,0.6290137491090002,1.9123347604259573,81.1257915057915,4.44953880336,0.6290124454947,1.912334159597,81.125718
147,refined,4.88046362996354,4.87528804329054,0.005175586672999444,0.009593727583268869,0.035558858246769645,0.03683031372057305,0.00011348247827645819,0.0005012993740900698,100.02424710424712,4.88046255992,0.0001137919123495,0.0004998839913755,100.024171
148,coarse,4.449538803359374,4.87528804329054,-0.4257492399311662,0.3134225463533918,2.271187446789994,2.2927115193628476,0.6290137491090002,1.921783708106709,81.1257915057915,4.44953880336,0.6290124454947,1.921781456617,81.125718
148,refined,4.88038496611033,4.87528804329054,0.005096922819789462,0.009141442326746468,0.03336145062715326,0.03459121789936308,0.00011130198793399271,0.0005013604706192202,100.02401544401546,4.88038625574,0.0001130285900966,0.0005002246296822,100.023918
149,coarse,3.9748242187500002,4.87528804329054,-0.9004638245405401,0.671540705650297,2.116525703427185,2.2205062424170845,0.4825684425540001,1.6845881013541173,91.20301158301159,3.97482421875,0.4825679080145,1.684589323065,91.202938
149,refined,4.88044181046774,4.87528804329054,0.005153767177199953,0.008669932000984754,0.03126088948770966,0.0324408836572695,0.00011419616229994822,0.0005109420248191181,100.02420849420851,4.88044209722,0.0001160334680112,0.0005093067479671,100.024198
150,coarse,3.9748242187500002,4.87528804329054,-0.9004638245405401,0.671540705650297,2.116525703427185,2.2205062424170845,0.4825684425540001,1.6845881013541173,91.20301158301159,3.97482421875,0.4825679080145,1.684589323065,91.202938
150,refined,4.88045902337546,4.87528804329054,0.005170980084919563,0.00825596434900387,0.029255588392437734,0.03039819730707333,0.00012400002947438038,0.000514386227951804,100.02451737451739,4.88045936829,0.0001174088609414,0.0005125888017966,100.02447
151,coarse,3.9748242187500002,4.87528804329054,-0.9004638245405401,0.671540705650297,1.9992901323002668,2.1090585464748286,0.4775249628559999,1.573152533093956,91.20301158301159,3.97482421875,0.4775257901057,1.573153854349,91.202938
151,refined,4.87993143532737,4.87528804329054,0.004643392036829397,0.00781525047203816,0.027146254218164308,0.028248845251052233,0.00010397530920135123,0.00045267294509276673,100.02196911196911,4.87993307679,0.0001036088404555,0.0004530010522359,100.022011
152,coarse,3.9748242187500002,4.87528804329054,-0.9004638245405401,0.671540705650297,1.9990859946763535,2.1088650344335558,0.4775249628559999,1.5751721666979415,91.20301158301159,3.97482421875,0.4775257901057,1.575173664197,91.202938
152,refined,4.87976473906265,4.87528804329054,0.004476695772109629,0.007462410117711735,0.02530734474522978,0.02638464066116565,0.00010518839054240656,0.00044389476874533146,100.02135135135137,4.87976554031,0.0001020371320972,0.000441998636726,100.021282
153,coarse,3.916494140625,4.87528804329054,-0.9587939026655405,0.6558328185001316,2.04571550252458,2.148271073000617,0.4775249628559999,1.6656487284902144,89.99644787644789,3.91649414063,0.4775257901057,1.665650060678,89.996374
153,refined,4.87978941331677,4.87528804329054,0.004501370026229523,0.007031650729035358,0.02337324733893069,0.02440804791747947,0.00010435591461855839,0.0004465397998970037,100.02146718146717,4.87978958795,0.0001024023922129,0.0004461487325758,100.021482
154,coarse,3.9748242187500002,4.87528804329054,-0.9004638245405401,0.671540705650297,2.0735106804338743,2.1795443242151897,0.4775249628559999,1.654752956522697,91.20301158301159,3.97482421875,0.4775257901057,1.654754451017,91.202938
154,refined,4.87966733629464,4.87528804329054,0.004379293004099338,0.006684531034176066,0.02164992589099359,0.02265838136832323,0.00010429655478572109,0.00044468400913160594,100.02092664092663,4.87966703015,0.0001005987009772,0.0004435410064837,100.020934
155,coarse,3.9748242187500002,4.87528804329054,-0.9004638245405401,0.671540705650297,2.0593887389493446,2.1661137775880266,0.4775249628559999,1.6170145274138736,91.20301158301159,3.97482421875,0.4775257901057,1.617015896354,91.202938
155,refined,4.87965959165396,4.87528804329054,0.004371548363419464,0.006307536145156119,0.019970451777367955,0.020942873642712686,0.0001006619041863735,0.0004449418608073168,100.02084942084942,4.8796600522,0.0001004975582307,0.0004436504557698,100.020994
156,coarse,3.9748242187500002,4.87528804329054,-0.9004638245405401,0.671540705650297,2.0593887389493446,2.1661137775880266,0.4775249628559999,1.6170145274138736,91.20301158301159,3.97482421875,0.4775257901057,1.617015896354,91.202938
156,refined,4.87965897265934,4.87528804329054,0.004370929368799459,0.005931864112278725,0.01835447161436197,0.019289210457894838,0.00010907884123361258,0.00044116816438614573,100.02096525096523,4.87965928317,0.0001007722344697,0.0004396216065195,100.02101
157,coarse,3.916494140625,4.87528804329054,-0.9587939026655405,0.671540705650297,2.0593887389493446,2.1661137775880266,0.4775249628559999,1.618992407300839,89.99644787644789,3.91649414063,0.4775257901057,1.618993764963,89.996374
157,refined,4.87985070888917,4.87528804329054,0.004562665598629501,0.005641726459935877,0.017014736666197475,0.017925689422412332,0.0001086890080603635,0.0004604452020261036,100.02216216216218,4.87985144773,0.0001048317270735,0.0004592320375951,100.022012
158,coarse,3.916494140625,4.87528804329054,-0.9587939026655405,0.671540705650297,2.0593887389493446,2.1661137775880266,0.4775249628559999,1.618992407300839,89.99644787644789,3.91649414063,0.4775257901057,1.618993764963,89.996374
158,refined,4.87986274087114,4.87528804329054,0.004574697580599363,0.0053305535317443335,0.015750173683277746,0.016627771107644188,0.00010345929859670311,0.0004608106568635103,100.02212355212353,4.87986375862,0.0001058182659411,0.0004600896748052,100.022226
159,coarse,3.9748242187500002,4.87528804329054,-0.9004638245405401,0.6539488947421129,2.1427005767259772,2.240271170737209,0.4825684425540001,1.7754554757241758,110.50803088803092,3.97482421875,0.4825679080145,1.775457077555,110.507957
159,refined,4.8798314567915,4.87528804329054,0.004543413500959659,0.00504905812399568,0.014704843431092835,0.015547520968708834,0.00010465319381015858,0.00046334661303601394,100.02220077220078,4.87983271658,0.0001065216860595,0.00046249974142,100.022149
160,coarse,3.9748242187500002,4.87528804329054,-0.9004638245405401,0.6539488947421129,2.0860849616789805,2.1861838038640817,0.4775249628559999,1.7155476211712348,110.50803088803092,3.97482421875,0.4775257901057,1.715549497458,110.507957
160,refined,4.8798745122993,4.87528804329054,0.004586469008759586,0.004804251346302568,0.013927396632967336,0.014732725748158076,0.00010689778438881248,0.0004664733652499537,100.02243243243242,4.87987544221,0.0001073391458559,0.0004652083587418,100.022414
161,coarse,3.916494140625,4.87528804329054,-0.9587939026655405,0.7394233607956433,2.2316543078623816,2.3509631762941443,0.8156699628559998,1.8834382179594913,89.99644787644789,3.91649414063,0.8156708126814,1.883440015114,89.996374
161,refined,4.87992756886953,4.87528804329054,0.004639525578989279,0.004504568807434296,0.013193351616986882,0.013941150132982588,0.00010845524326492245,0.0004667838974933009,100.02258687258687,4.8799270443,0.0001081887464798,0.0004641033664827,100.022693
162,coarse,3.916494140625,4.87528804329054,-0.9587939026655405,0.7394233607956433,2.2147094565431504,2.3348843404742734,0.8156699628559998,1.9051512064372709,99.64895752895754,3.91649414063,0.8156708126814,1.905153397985,99.648884
162,refined,4.8786291885169994,4.87528804329054,0.003341145226459119,0.0044250505026673355,0.012967783101642413,0.013701987831055716,8.370349443635738e-05,0.00037475876146862865,100.0149806949807,4.87862973634,8.585082074711e-05,0.0003748319167952,100.014941
163,coarse,3.916494140625,4.87528804329054,-0.9587939026655405,0.7394233607956433,2.2147094565431504,2.3348843404742734,0.8156699628559998,1.9051512064372709,99.64895752895754,3.91649414063,0.8156708126814,1.905153397985,99.648884
163,refined,4.8781969825844,4.87528804329054,0.0029089392938592695,0.004273929656970021,0.01258418788078186,0.013290156482583075,9.199999999998099e-05,0.00034660609101762536,100.01235521235522,4.87819745822,9.164055123301e-05,0.000345817469121,100.012357
164,coarse,3.916494140625,4.87528804329054,-0.9587939026655405,0.7394233607956433,2.2147094565431504,2.3348843404742734,0.8156699628559998,1.9051512064372709,99.64895752895754,3.91649414063,0.8156708126814,1.905153397985,99.648884
164,refined,4.878078340508241,4.87528804329054,0.0027902972177002994,0.004216693768671188,0.01239366779751355,0.013091352405839312,9.499999999995623e-05,0.0003425641581756336,100.01185328185329,4.87807767917,9.479386771227e-05,0.0003427041966279,100.011784
165,coarse,3.916494140625,4.87528804329054,-0.9587939026655405,0.7394233607956433,2.2147094565431504,2.3348843404742734,0.8156699628559998,1.9051512064372709,99.64895752895754,3.91649414063,0.8156708126814,1.905153397985,99.648884
165,refined,4.87822587726545,4.87528804329054,0.002937833974909765,0.0039435908312664926,0.011684690184308181,0.012332229861128809,9.999999999998899e-05,0.00035180068314752763,100.01231660231662,4.87822548261,9.964046129229e-05,0.0003504349064887,100.012318
166,coarse,5.407632423339844,4.87528804329054,0.5323443800493033,0.6447700577362949,2.1264199302359845,2.2220238853482366,0.8156699628559998,1.9094801941765476,118.97810810810813,5.40763242334,0.8156708126814,1.90948172389,118.978034
166,refined,4.87821820606065,4.87528804329054,0.00293016277010949,0.003807076567986348,0.01123192491795641,0.011859593979437947,9.199999999998099e-05,0.0003480869248243097,100.01254826254828,4.87821819815,9.191828168342e-05,0.0003482956776713,100.012511
167,coarse,5.407632423339844,4.87528804329054,0.5323443800493033,0.5652475724436075,1.8444827374447812,1.9291504313778083,0.4775249628559999,1.6214626238093992,128.63061776061778,5.40763242334,0.4775257901057,1.621465145962,128.630544
167,refined,4.87806188501465,4.87528804329054,0.002773841724109438,0.0037566360440020544,0.011018035519349264,0.011640851389513459,9.199999999998099e-05,0.0003467001032480262,100.01177606177605,4.87806203968,9.222470527881e-05,0.0003455711049406,100.011771
168,coarse,5.407632423339844,4.87528804329054,0.5323443800493033,0.5652475724436075,1.8444827374447812,1.9291504313778083,0.4775249628559999,1.6213813940621775,128.63061776061778,5.40763242334,0.4775257901057,1.621383910694,128.630544
168,refined,4.87812755695972,4.87528804329054,0.002839513669179894,0.003622495945328643,0.010694581503369114,0.01129143703901887,9.299999999989872e-05,0.0003414088620086091,100.01200772200772,4.87812779723,9.259487450675e-05,0.0003420664897365,100.011992
169,coarse,5.407632423339844,4.87528804329054,0.5323443800493033,0.5652475724436075,1.8444827374447812,1.9291504313778083,0.4775249628559999,1.6214626238093992,128.63061776061778,5.40763242334,0.4775257901057,1.621465145962,128.630544
169,refined,4.8780927448569305,4.87528804329054,0.002804701566390122,0.003558511355557687,0.010467434837848637,0.011055776551298436,9.199999999998099e-05,0.00034652277544984636,100.01189189189189,4.87809297624,9.182806481078e-05,0.000344104576661,100.011868
170,coarse,5.407632423339844,4.87528804329054,0.5323443800493033,0.5652475724436075,1.8444827374447812,1.9291504313778083,0.4775249628559999,1.6214626238093992,128.63061776061778,5.40763242334,0.4775257901057,1.621465145962,128.630544
170,refined,4.878128508180479,4.87528804329054,0.002840464889938943,0.0035169276155127957,0.010347222343672446,0.01092857676379458,9.100000000006325e-05,0.0003485465077010784,100.01196911196912,4.8781274214,9.098551105713e-05,0.0003466507606674,100.012023
171,coarse,5.407632423339844,4.87528804329054,0.5323443800493033,0.5652475724436075,1.8444827374447812,1.9291504313778083,0.4775249628559999,1.6214626238093992,128.63061776061778,5.40763242334,0.4775257901057,1.621465145962,128.630544
171,refined,4.8781509522329,4.87528804329054,0.002862908942359965,0.0034217900161172933,0.01007627868466876,0.010641430310137354,8.999999999992347e-05,0.00035342086732225044,100.01227799227799,4.87815151649,8.99092638269e-05,0.0003506628948555,100.012205
172,coarse,5.407632423339844,4.87528804329054,0.5323443800493033,0.5652475724436075,1.8444827374447812,1.9291504313778083,0.4775249628559999,1.6214626238093992,128.63061776061778,5.40763242334,0.4775257901057,1.621465145962,128.630544
172,refined,4.87812024116378,4.87528804329054,0.002832197873239295,0.0032968803262918875,0.009724158608445896,0.010267846927574589,9.199999999998099e-05,0.00034396688970173754,100.01196911196912,4.8781199695,9.166991699194e-05,0.0003437174793895,100.011996
173,coarse,5.407632423339844,4.87528804329054,0.5323443800493033,0.5652475724436075,1.8444827374447812,1.9291504313778083,0.4775249628559999,1.6214626238093992,128.63061776061778,5.40763242334,0.4775257901057,1.621465145962,128.630544
173,refined,4.87813964076194,4.87528804329054,0.002851597471400069,0.003210217496250204,0.009430649407470182,0.009962060259798101,9.499999999995623e-05,0.0003523901579864333,100.01204633204634,4.87814060221,9.450433756308e-05,0.0003505718466501,100.012084
174,coarse,4.63881279826194,4.87528804329054,-0.2364752450286005,0.24585889996682286,1.1017156794628307,1.1288153246067945,0.18259413554499992,0.8347175653595118,85.53328185328185,4.63881375849,0.1825948837519,0.8347167726085,85.53332
174,refined,4.87972806017412,4.87528804329054,0.004440016883579645,0.003184752707277738,0.009332749213104672,0.00986117932507156,0.00018699999999993722,0.0006081885930621085,100.01791505791506,4.87972663397,0.0001869322803234,0.0006083511055849,100.017793
175,coarse,4.63881279826194,4.87528804329054,-0.2364752450286005,0.24585889996682286,1.1017156794628307,1.1288153246067945,0.18259413554499992,0.8347175653595118,85.53328185328185,4.63881375849,0.1825948837519,0.8347167726085,85.53332
175,refined,4.88039609783786,4.87528804329054,0.0051080545473194405,0.003119410837246047,0.009158508643289995,0.009675174651692117,0.00019199999999996997,0.0006604461061340103,100.02088803088806,4.88039572597,0.000191948952311,0.0006599951680352,100.021043
176,coarse,5.13422356654319,4.87528804329054,0.25893552325264935,0.31222550717704933,1.0417975776581399,1.0875784845914953,0.20521953449218697,0.7928182046735162,109.90586872586874,5.13422452799,0.2052196123788,0.7928167907497,109.905907
176,refined,4.88019512961945,4.87528804329054,0.004907086328909571,0.0030696238457687875,0.008994683557719686,0.009504047709161884,0.00016299999999991321,0.0006060530542471364,100.02069498069497,4.88019483984,0.0001632524107757,0.0006072402052191,100.020787
177,coarse,5.13422356654319,4.87528804329054,0.25893552325264935,0.31222550717704933,1.0417975776581399,1.0875784845914953,0.20521953449218697,0.7928182046735162,109.90586872586874,5.13422452799,0.2052196123788,0.7928167907497,109.905907
177,refined,4.880155570525849,4.87528804329054,0.0048675272353087,0.00298359992790542,0.008775539905202653,0.009268870975345456,0.00016199999999999548,0.0005998754205252311,100.02054054054055,4.88015528246,0.000161957727157,0.0005985815597006,100.020554
178,coarse,5.13422356654319,4.87528804329054,0.25893552325264935,0.31222550717704933,1.0417975776581399,1.0875784845914953,0.20521953449218697,0.7928182046735162,109.90586872586874,5.13422452799,0.2052196123788,0.7928167907497,109.905907
178,refined,4.880099882252809,4.87528804329054,0.004811838962268666,0.0029785122408215146,0.008723860944342835,0.009218312478157478,0.00016299999999991321,0.0006004791414117354,100.02027027027027,4.88009954757,0.0001630782944761,0.0005987546666904,100.020295
